Date,Price,Open,High,Low,Vol.,Change
12/8/25,"90,933.50","90,413.60","92,269.10","89,640.70",52.96K,0.57%
12/7/25,"90,413.60","89,209.80","91,736.80","87,747.60",38.67K,1.35%
12/6/25,"89,209.80","89,333.60","90,176.50","88,929.50",30.14K,-0.14%
12/5/25,"89,333.60","92,082.80","92,676.40","88,218.40",61.14K,-2.99%
12/4/25,"92,082.80","93,437.20","94,043.90","90,933.20",60.28K,-1.45%
12/3/25,"93,437.20","91,286.80","94,077.00","91,020.80",79.02K,2.35%
12/2/25,"91,287.60","86,315.20","92,285.40","86,189.80",87.36K,5.77%
12/1/25,"86,309.10","90,372.20","90,372.20","83,858.10",105.96K,-4.50%
11/30/25,"90,374.20","90,804.10","91,957.00","90,351.70",31.09K,-0.47%
11/29/25,"90,800.50","90,894.70","91,160.20","90,225.30",28.05K,-0.10%
11/28/25,"90,894.70","91,324.70","92,942.60","90,221.50",60.08K,-0.47%
11/27/25,"91,324.60","90,497.80","91,888.00","90,099.90",58.08K,0.92%
11/26/25,"90,496.50","87,363.10","90,582.80","86,334.80",70.68K,3.58%
11/25/25,"87,366.80","88,296.10","88,502.60","86,162.00",70.67K,-1.05%
11/24/25,"88,296.50","86,828.40","89,210.60","85,307.20",81.64K,1.69%
11/23/25,"86,826.60","84,729.00","87,995.80","84,729.00",67.53K,2.48%
11/22/25,"84,721.60","85,117.20","85,557.30","83,518.80",49.35K,-0.48%
11/21/25,"85,131.00","86,610.60","87,460.00","80,697.70",177.95K,-1.71%
11/20/25,"86,613.90","91,543.30","93,123.30","86,105.40",114.40K,-5.39%
11/19/25,"91,544.10","92,962.30","92,962.30","88,610.40",95.86K,-1.53%
11/18/25,"92,962.30","92,196.60","93,781.80","89,391.90",115.10K,0.83%
11/17/25,"92,195.00","94,259.80","96,002.70","91,327.80",109.89K,-2.19%
11/16/25,"94,259.80","95,587.60","96,575.10","93,043.50",68.24K,-1.39%
11/15/25,"95,587.60","94,557.50","96,799.50","94,557.50",48.15K,1.09%
11/14/25,"94,554.30","99,707.00","99,843.90","94,126.20",131.30K,-5.19%
11/13/25,"99,728.70","101,652.80","104,008.70","98,027.40",100.44K,-1.90%
11/12/25,"101,658.30","103,046.70","105,309.10","100,858.00",63.52K,-1.35%
11/11/25,"103,046.70","106,003.20","107,461.30","102,484.30",73.04K,-2.79%
11/10/25,"106,006.90","104,720.80","106,629.50","104,285.00",70.75K,1.23%
11/9/25,"104,722.40","102,311.30","105,409.10","101,469.10",51.64K,2.36%
11/8/25,"102,311.10","103,326.40","103,397.60","101,474.00",41.41K,-0.98%
11/7/25,"103,325.40","101,330.30","104,067.90","99,290.80",94.27K,1.97%
11/6/25,"101,325.70","103,893.00","104,160.70","100,350.90",78.43K,-2.47%
11/5/25,"103,896.70","101,500.80","104,534.30","99,010.60",98.50K,2.36%
11/4/25,"101,504.30","106,584.30","107,293.10","99,001.80",134.18K,-4.76%
11/3/25,"106,578.10","110,566.90","110,736.30","105,331.70",85.37K,-3.62%
11/2/25,"110,586.60","110,097.10","111,229.80","109,537.00",41.82K,0.44%
11/1/25,"110,103.60","109,602.70","110,534.60","109,406.70",27.13K,0.46%
10/31/25,"109,602.80","108,319.50","111,102.20","108,319.50",68.61K,1.18%
10/30/25,"108,320.10","110,024.90","111,585.80","106,371.40",80.07K,-1.55%
10/29/25,"110,024.60","112,904.70","113,628.70","109,506.40",66.99K,-2.55%
10/28/25,"112,905.80","114,110.30","116,076.70","112,266.90",52.49K,-1.05%
10/27/25,"114,108.00","114,553.90","116,307.50","113,868.00",70.79K,-0.39%
10/26/25,"114,550.90","111,646.00","115,153.90","111,261.90",42.74K,2.60%
10/25/25,"111,646.10","111,012.40","111,921.30","110,702.10",23.30K,0.57%
10/24/25,"111,013.10","110,078.90","111,966.00","109,776.00",51.79K,0.85%
10/23/25,"110,078.90","107,587.50","111,285.90","107,518.90",59.44K,2.32%
10/22/25,"107,587.50","108,336.40","109,081.50","106,746.20",86.97K,-0.70%
10/21/25,"108,340.90","110,544.00","113,971.60","107,491.10",108.22K,-1.99%
10/20/25,"110,544.00","108,656.30","111,677.20","107,443.10",64.94K,1.74%
10/19/25,"108,658.20","107,189.90","109,456.10","106,134.90",52.65K,1.37%
10/18/25,"107,193.50","106,469.40","107,489.00","106,356.90",40.28K,0.70%
10/17/25,"106,443.50","108,205.50","109,232.30","103,632.70",106.66K,-1.63%
10/16/25,"108,204.80","110,767.40","111,960.20","107,549.10",92.62K,-2.31%
10/15/25,"110,767.40","113,029.80","113,611.90","110,206.40",72.25K,-2.00%
10/14/25,"113,030.80","115,174.80","115,400.60","109,948.00",95.33K,-1.86%
10/13/25,"115,174.80","114,985.90","115,893.10","113,802.10",71.35K,0.16%
10/12/25,"114,986.00","110,670.90","115,733.90","109,612.80",93.16K,3.90%
10/11/25,"110,671.50","112,878.00","113,315.00","109,677.70",107.25K,-1.96%
10/10/25,"112,878.60","121,666.60","122,492.80","103,893.30",153.63K,-7.22%
10/9/25,"121,666.30","123,337.60","123,710.90","119,732.70",67.35K,-1.33%
10/8/25,"123,311.10","121,356.70","124,139.30","121,086.10",57.67K,1.61%
10/7/25,"121,356.60","124,687.50","125,112.90","120,624.30",70.42K,-2.70%
10/6/25,"124,725.10","123,475.50","126,186.00","123,144.60",68.95K,1.01%
10/5/25,"123,475.50","122,387.10","125,617.40","122,146.20",66.03K,0.89%
10/4/25,"122,387.10","122,224.80","122,810.60","121,530.50",31.34K,0.13%
10/3/25,"122,224.20","120,566.10","123,889.80","119,272.60",81.43K,1.38%
10/2/25,"120,566.10","118,577.10","121,023.00","118,318.10",69.08K,1.68%
10/1/25,"118,576.20","114,048.70","118,634.50","113,970.50",69.15K,3.97%
9/30/25,"114,048.50","114,355.40","114,776.20","112,672.50",53.07K,-0.27%
9/29/25,"114,357.50","112,177.40","114,412.50","111,571.10",55.53K,1.95%
9/28/25,"112,174.60","109,652.80","112,355.80","109,213.50",28.91K,2.30%
9/27/25,"109,652.80","109,662.20","109,734.30","109,090.80",22.46K,-0.01%
9/26/25,"109,662.20","109,012.40","110,299.10","108,673.00",54.26K,0.59%
9/25/25,"109,016.30","113,307.10","113,508.60","108,675.30",69.14K,-3.79%
9/24/25,"113,307.10","112,002.90","113,951.00","111,212.00",43.29K,1.16%
9/23/25,"112,002.60","112,673.00","113,279.90","111,501.90",44.21K,-0.60%
9/22/25,"112,673.00","115,243.30","115,382.70","111,964.90",67.57K,-2.23%
9/21/25,"115,243.00","115,699.20","115,833.20","115,205.50",19.28K,-0.39%
9/20/25,"115,699.20","115,649.00","116,138.40","115,424.90",20.42K,0.04%
9/19/25,"115,649.00","117,089.20","117,470.70","115,133.50",36.98K,-1.23%
9/18/25,"117,086.00","116,426.50","117,910.40","116,144.90",46.50K,0.57%
9/17/25,"116,425.90","116,795.90","117,284.20","114,782.50",56.85K,-0.32%
9/16/25,"116,795.90","115,362.10","116,970.00","114,801.00",43.05K,1.24%
9/15/25,"115,362.10","115,314.20","116,723.20","114,412.20",48.68K,0.04%
9/14/25,"115,314.60","115,924.80","116,165.60","115,158.30",25.84K,-0.53%
9/13/25,"115,924.90","116,042.60","116,292.40","115,207.30",30.79K,-0.10%
9/12/25,"116,042.80","115,490.50","116,684.30","114,766.10",56.48K,0.48%
9/11/25,"115,490.20","113,963.50","115,490.60","113,446.60",47.81K,1.34%
9/10/25,"113,963.50","111,517.10","114,300.70","110,938.80",62.24K,2.19%
9/9/25,"111,516.50","112,066.30","113,259.90","110,781.10",53.76K,-0.49%
9/8/25,"112,068.40","111,140.90","112,896.90","110,630.50",41.95K,0.83%
9/7/25,"111,150.10","110,194.40","111,594.10","110,185.60",23.81K,0.87%
9/6/25,"110,194.40","110,660.10","111,313.40","110,010.50",21.14K,-0.41%
9/5/25,"110,652.20","110,727.90","113,315.60","110,234.60",63.56K,-0.05%
9/4/25,"110,712.70","111,716.50","112,189.10","109,344.80",43.30K,-0.90%
9/3/25,"111,716.50","111,227.90","112,568.10","110,547.90",43.05K,0.45%
9/2/25,"111,218.30","109,241.60","111,714.60","108,425.30",60.02K,1.81%
9/1/25,"109,243.30","108,247.30","109,898.50","107,274.70",53.13K,0.94%
8/31/25,"108,226.80","108,818.10","109,484.20","108,092.60",33.80K,-0.54%
8/30/25,"108,818.10","108,367.70","108,925.30","107,433.40",41.99K,0.43%
8/29/25,"108,355.60","112,568.90","112,617.30","107,538.70",69.98K,-3.74%
8/28/25,"112,568.90","111,263.20","113,464.60","110,887.70",41.38K,1.18%
8/27/25,"111,255.60","111,768.60","112,611.30","110,409.90",44.41K,-0.46%
8/26/25,"111,768.60","110,118.40","112,377.00","108,768.30",62.08K,1.50%
8/25/25,"110,118.40","113,486.60","113,665.10","109,295.10",76.94K,-2.97%
8/24/25,"113,483.20","115,431.50","115,663.30","110,815.90",64.88K,-1.69%
8/23/25,"115,433.30","116,928.90","117,024.30","114,576.50",39.63K,-1.28%
8/22/25,"116,928.90","112,492.90","117,416.90","111,698.50",72.83K,3.95%
8/21/25,"112,481.10","114,275.00","114,776.30","112,023.00",43.00K,-1.57%
8/20/25,"114,275.00","112,878.10","114,616.70","112,409.40",54.63K,1.24%
8/19/25,"112,880.30","116,218.90","116,729.20","112,750.90",62.15K,-2.86%
8/18/25,"116,203.80","117,417.90","117,552.70","114,653.80",58.82K,-1.02%
8/17/25,"117,405.40","117,393.80","118,559.40","117,192.40",21.87K,-0.01%
8/16/25,"117,413.40","117,356.30","117,914.90","117,195.60",25.18K,0.05%
8/15/25,"117,356.30","118,314.10","119,231.90","116,816.80",45.23K,-0.81%
8/14/25,"118,314.20","123,313.60","124,436.80","117,275.10",86.59K,-4.06%
8/13/25,"123,323.40","120,138.40","123,651.80","118,959.90",76.09K,2.64%
8/12/25,"120,146.20","118,689.60","120,317.20","118,217.40",56.86K,1.23%
8/11/25,"118,689.60","119,291.80","122,319.50","118,242.50",81.13K,-0.50%
8/10/25,"119,287.00","116,468.40","119,305.30","116,468.40",46.65K,2.42%
8/9/25,"116,471.60","116,676.50","117,893.00","116,357.70",34.33K,-0.18%
8/8/25,"116,676.30","117,480.50","117,625.10","115,917.80",39.88K,-0.68%
8/7/25,"117,480.50","115,002.10","117,628.40","114,267.30",47.52K,2.16%
8/6/25,"115,002.10","114,131.70","115,714.00","113,361.20",34.73K,0.76%
8/5/25,"114,139.10","115,055.30","115,111.70","112,678.90",41.41K,-0.80%
8/4/25,"115,055.30","114,213.10","115,720.90","114,116.10",36.55K,0.74%
8/3/25,"114,213.10","112,547.90","114,758.40","111,992.40",27.15K,1.48%
8/2/25,"112,547.70","113,306.40","114,050.00","112,015.50",38.34K,-0.67%
8/1/25,"113,312.10","115,766.70","116,054.60","112,760.60",77.85K,-2.12%
7/31/25,"115,765.00","117,840.40","118,920.70","115,510.00",56.43K,-1.76%
7/30/25,"117,840.40","117,949.80","118,693.50","115,830.70",48.17K,-0.09%
7/29/25,"117,950.10","118,054.80","119,261.00","117,002.70",51.88K,-0.09%
7/28/25,"118,053.90","119,402.70","119,788.20","117,426.50",61.81K,-1.13%
7/27/25,"119,398.10","117,918.30","119,771.10","117,840.40",34.87K,1.26%
7/26/25,"117,917.60","117,632.20","118,298.10","117,150.50",31.06K,0.24%
7/25/25,"117,631.90","118,311.50","118,449.80","114,843.50",131.51K,-0.57%
7/24/25,"118,310.90","118,760.70","119,459.70","117,141.70",55.00K,-0.38%
7/23/25,"118,763.00","119,965.50","120,089.50","117,345.20",50.19K,-1.00%
7/22/25,"119,965.50","117,388.20","120,253.10","116,199.10",70.23K,2.20%
7/21/25,"117,388.10","117,297.20","119,634.00","116,540.90",54.78K,0.08%
7/20/25,"117,297.20","117,848.40","118,860.00","116,515.20",40.07K,-0.47%
7/19/25,"117,848.40","117,942.30","118,508.20","117,308.60",23.56K,-0.08%
7/18/25,"117,940.30","119,196.40","120,801.20","116,839.20",66.90K,-1.05%
7/17/25,"119,194.90","118,680.60","120,944.50","117,489.70",55.75K,0.43%
7/16/25,"118,683.20","117,762.40","120,028.00","117,030.50",60.71K,0.78%
7/15/25,"117,762.30","119,846.70","119,944.00","115,774.00",113.79K,-1.74%
7/14/25,"119,849.50","119,092.20","123,104.70","118,913.70",89.94K,0.64%
7/13/25,"119,090.60","117,422.40","119,441.60","117,247.70",33.24K,1.42%
7/12/25,"117,419.50","117,535.60","118,206.60","116,951.20",32.19K,-0.10%
7/11/25,"117,535.60","115,994.00","118,848.40","115,261.90",89.27K,1.33%
7/10/25,"115,993.60","111,246.10","116,626.30","110,631.90",82.26K,4.27%
7/9/25,"111,246.00","108,913.10","111,915.70","108,329.90",56.81K,2.14%
7/8/25,"108,913.10","108,267.60","109,208.30","107,474.20",32.36K,0.59%
7/7/25,"108,269.60","109,207.00","109,686.80","107,526.50",35.34K,-0.86%
7/6/25,"109,207.00","108,204.70","109,701.80","107,818.80",21.94K,0.93%
7/5/25,"108,204.70","107,989.60","108,357.50","107,797.80",14.93K,0.20%
7/4/25,"107,989.60","109,600.80","109,723.70","107,268.20",40.92K,-1.47%
7/3/25,"109,600.50","108,846.70","110,506.80","108,550.80",45.39K,0.70%
7/2/25,"108,843.70","105,694.00","109,727.80","105,163.50",62.51K,2.98%
7/1/25,"105,694.30","107,176.40","107,532.30","105,289.40",40.28K,-1.38%
6/30/25,"107,171.10","108,362.30","108,777.00","106,743.10",37.46K,-1.10%
6/29/25,"108,361.10","107,304.30","108,470.50","107,188.40",25.96K,0.98%
6/28/25,"107,304.40","107,048.20","107,542.30","106,822.00",14.26K,0.24%
6/27/25,"107,044.20","106,948.00","107,726.50","106,414.10",46.24K,0.09%
6/26/25,"106,945.90","107,350.60","108,261.20","106,650.00",38.70K,-0.38%
6/25/25,"107,349.40","106,086.00","108,128.00","105,828.20",58.14K,1.20%
6/24/25,"106,078.60","105,376.90","106,268.70","104,642.90",52.81K,0.67%
6/23/25,"105,376.90","100,782.50","106,032.70","99,696.90",83.16K,4.34%
6/22/25,"100,990.40","102,114.50","103,300.40","98,249.20",81.37K,-1.10%
6/21/25,"102,113.20","103,287.20","103,989.30","100,947.80",37.52K,-1.13%
6/20/25,"103,280.50","104,669.60","106,520.30","102,396.80",51.48K,-1.33%
6/19/25,"104,669.60","104,894.20","105,220.50","103,934.50",28.47K,-0.21%
6/18/25,"104,894.20","104,571.40","105,553.00","103,622.40",45.60K,0.32%
6/17/25,"104,559.80","106,769.80","107,747.40","103,386.30",60.73K,-2.04%
6/16/25,"106,740.40","105,594.00","108,899.30","104,993.80",50.95K,1.09%
6/15/25,"105,591.80","105,421.60","106,098.90","104,502.00",26.22K,0.16%
6/14/25,"105,421.50","106,028.50","106,196.90","104,321.00",30.99K,-0.62%
6/13/25,"106,080.30","105,702.70","106,147.00","102,739.60",73.84K,0.36%
6/12/25,"105,703.00","108,662.20","108,776.20","105,703.00",59.87K,-2.72%
6/11/25,"108,661.20","110,269.20","110,386.10","108,081.90",44.80K,-1.46%
6/10/25,"110,269.20","110,268.30","110,369.20","108,380.60",58.28K,0.00%
6/9/25,"110,268.30","105,739.60","110,404.90","105,333.30",64.28K,4.28%
6/8/25,"105,739.60","105,564.20","106,449.30","105,011.60",29.11K,0.17%
6/7/25,"105,564.20","104,308.30","105,911.70","103,911.00",32.39K,1.20%
6/6/25,"104,308.30","101,524.10","105,306.50","101,127.60",61.97K,2.74%
6/5/25,"101,521.90","104,690.60","105,914.40","100,421.10",73.53K,-3.03%
6/4/25,"104,695.60","105,383.50","105,971.20","104,224.00",50.06K,-0.66%
6/3/25,"105,388.30","105,845.60","106,758.40","104,886.90",49.47K,-0.43%
6/2/25,"105,845.60","105,635.20","105,930.70","103,729.70",46.44K,0.20%
6/1/25,"105,635.20","104,598.00","105,867.50","103,768.60",33.03K,0.99%
5/31/25,"104,598.00","103,981.90","104,888.40","103,091.30",35.80K,0.59%
5/30/25,"103,981.30","105,598.80","106,314.90","103,693.90",71.98K,-1.53%
5/29/25,"105,600.00","107,759.10","108,896.70","105,399.90",70.02K,-2.03%
5/28/25,"107,786.70","108,905.70","109,238.30","106,804.90",51.84K,-1.06%
5/27/25,"108,944.00","109,455.30","110,718.70","107,572.20",65.02K,-0.47%
5/26/25,"109,455.30","109,014.90","110,401.40","108,694.00",48.01K,0.40%
5/25/25,"109,021.10","107,763.00","109,203.40","106,648.30",52.49K,1.17%
5/24/25,"107,763.00","107,313.50","109,476.40","106,904.50",52.26K,0.42%
5/23/25,"107,313.40","111,702.60","111,778.70","106,855.40",87.57K,-3.93%
5/22/25,"111,702.70","109,632.60","111,953.60","109,281.80",96.35K,1.88%
5/21/25,"109,640.10","106,814.70","110,628.80","106,109.50",124.17K,2.64%
5/20/25,"106,815.80","105,586.10","107,270.50","104,199.30",76.08K,1.16%
5/19/25,"105,585.80","106,507.70","107,081.30","102,088.20",90.49K,-0.86%
5/18/25,"106,504.50","103,113.90","106,577.00","103,113.90",62.47K,3.29%
5/17/25,"103,112.60","103,473.90","103,712.30","102,626.50",37.43K,-0.36%
5/16/25,"103,480.50","103,764.60","104,544.10","103,126.50",53.27K,-0.27%
5/15/25,"103,765.40","103,513.20","104,153.80","101,436.80",59.68K,0.24%
5/14/25,"103,513.90","104,116.30","104,316.00","102,632.90",55.58K,-0.58%
5/13/25,"104,119.20","102,794.90","104,972.90","101,510.20",71.91K,1.29%
5/12/25,"102,795.00","104,119.20","105,765.20","100,766.80",90.21K,-1.27%
5/11/25,"104,119.20","104,748.30","104,930.90","103,358.80",54.76K,-0.65%
5/10/25,"104,798.00","102,974.70","104,969.80","102,837.20",48.42K,1.77%
5/9/25,"102,975.10","103,270.70","104,308.70","102,365.70",87.34K,-0.29%
5/8/25,"103,274.30","97,035.10","103,885.40","96,901.90",110.60K,6.43%
5/7/25,"97,035.10","96,817.90","97,647.50","95,798.40",59.98K,0.22%
5/6/25,"96,825.40","94,745.90","96,893.90","93,408.80",55.76K,2.20%
5/5/25,"94,745.20","94,314.60","95,206.80","93,590.80",59.21K,0.45%
5/4/25,"94,316.90","95,885.50","96,297.80","94,206.10",41.31K,-1.64%
5/3/25,"95,885.80","96,894.30","96,922.20","95,785.50",36.24K,-1.04%
5/2/25,"96,894.40","96,497.30","97,881.80","96,359.30",51.94K,0.41%
5/1/25,"96,499.30","94,181.30","97,394.30","94,168.10",74.56K,2.46%
4/30/25,"94,184.40","94,265.00","95,223.40","93,049.60",57.10K,-0.09%
4/29/25,"94,269.80","94,995.40","95,453.40","93,758.00",59.86K,-0.76%
4/28/25,"94,995.00","93,742.50","95,580.30","92,818.90",73.63K,1.34%
4/27/25,"93,742.50","94,631.40","95,324.40","93,640.70",36.66K,-0.94%
4/26/25,"94,631.40","94,669.30","95,207.00","93,891.80",33.77K,-0.05%
4/25/25,"94,676.90","93,979.40","95,718.60","92,867.20",92.04K,0.74%
4/24/25,"93,980.30","93,696.30","94,001.00","91,673.00",66.68K,0.30%
4/23/25,"93,697.70","93,442.20","94,462.60","91,963.40",90.35K,0.27%
4/22/25,"93,441.90","87,516.00","93,816.90","87,105.20",130.17K,6.77%
4/21/25,"87,516.00","85,179.00","88,449.60","85,148.80",98.50K,2.74%
4/20/25,"85,179.00","85,075.50","85,321.00","83,976.10",32.08K,0.13%
4/19/25,"85,068.10","84,472.40","85,604.30","84,366.50",32.07K,0.70%
4/18/25,"84,474.60","84,947.70","85,106.10","84,331.00",25.83K,-0.55%
4/17/25,"84,940.00","84,032.20","85,467.30","83,786.20",49.28K,1.08%
4/16/25,"84,032.20","83,648.10","85,438.20","83,143.50",63.97K,0.46%
4/15/25,"83,647.00","84,586.80","86,438.80","83,602.70",62.45K,-1.11%
4/14/25,"84,586.40","83,752.80","85,794.90","83,705.20",78.03K,1.02%
4/13/25,"83,734.40","85,282.50","85,999.50","83,049.60",70.93K,-1.83%
4/12/25,"85,292.70","83,420.50","85,893.50","82,828.00",55.60K,2.25%
4/11/25,"83,413.10","79,606.10","84,275.00","79,004.20",94.62K,4.78%
4/10/25,"79,607.50","82,606.80","82,737.50","78,495.80",92.83K,-3.63%
4/9/25,"82,607.00","76,312.30","83,566.70","74,657.30",172.18K,8.25%
4/8/25,"76,312.50","79,166.70","80,839.80","76,255.00",93.88K,-3.60%
4/7/25,"79,162.50","78,406.60","81,095.90","74,524.20",170.57K,0.98%
4/6/25,"78,391.30","83,528.00","83,731.70","77,171.10",79.17K,-6.18%
4/5/25,"83,552.10","83,876.00","84,249.30","82,384.40",32.71K,-0.38%
4/4/25,"83,866.70","83,160.20","84,704.10","81,691.10",91.54K,0.85%
4/3/25,"83,159.40","82,522.60","83,908.90","81,313.80",83.15K,0.77%
4/2/25,"82,525.00","85,166.00","88,377.30","82,358.90",104.05K,-3.10%
4/1/25,"85,164.20","82,548.60","85,506.20","82,435.80",66.72K,3.17%
3/31/25,"82,548.80","82,375.40","83,895.60","81,300.10",61.76K,0.22%
3/30/25,"82,371.60","82,646.80","83,532.90","81,593.20",35.37K,-0.33%
3/29/25,"82,645.70","84,412.10","84,603.40","81,668.20",39.34K,-2.09%
3/28/25,"84,410.40","87,209.50","87,507.50","83,596.70",85.25K,-3.23%
3/27/25,"87,228.20","86,937.00","87,751.40","85,844.40",56.49K,0.36%
3/26/25,"86,912.00","87,349.80","88,276.70","85,866.40",62.04K,-0.56%
3/25/25,"87,404.00","87,495.30","88,523.30","86,328.50",75.24K,-0.10%
3/24/25,"87,490.00","86,076.10","88,740.20","85,541.60",95.71K,1.64%
3/23/25,"86,077.40","83,840.20","86,082.00","83,812.70",31.13K,2.67%
3/22/25,"83,840.50","84,076.60","84,526.30","83,688.20",20.84K,-0.28%
3/21/25,"84,073.30","84,208.70","84,831.00","83,215.90",42.80K,-0.16%
3/20/25,"84,208.10","86,841.30","87,419.00","83,656.10",69.86K,-3.03%
3/19/25,"86,841.00","82,719.10","86,990.60","82,557.50",84.61K,4.98%
3/18/25,"82,719.10","84,019.10","84,019.10","81,171.30",58.17K,-1.55%
3/17/25,"84,019.10","82,580.30","84,729.20","82,525.00",58.04K,1.74%
3/16/25,"82,578.40","84,341.30","84,942.50","82,014.20",50.04K,-2.09%
3/15/25,"84,341.30","83,978.70","84,679.50","83,636.40",38.40K,0.43%
3/14/25,"83,977.10","81,103.50","85,286.60","80,833.20",81.23K,3.55%
3/13/25,"81,100.20","83,664.70","84,292.00","79,954.90",79.25K,-3.06%
3/12/25,"83,664.30","82,921.10","84,266.50","80,646.60",88.61K,0.90%
3/11/25,"82,921.10","78,579.70","83,572.60","76,677.10",123.59K,5.53%
3/10/25,"78,575.90","80,702.20","83,902.80","77,480.50",120.23K,-2.62%
3/9/25,"80,691.60","86,221.50","86,498.60","80,048.90",69.90K,-6.41%
3/8/25,"86,221.90","86,783.80","86,886.80","85,264.60",41.90K,-0.36%
3/7/25,"86,531.20","89,879.50","91,059.80","84,864.30",138.11K,-3.78%
3/6/25,"89,930.90","90,611.70","92,802.00","87,849.60",89.27K,-0.75%
3/5/25,"90,611.70","87,269.50","90,937.80","86,429.40",95.54K,3.83%
3/4/25,"87,266.30","86,083.80","88,887.80","81,617.00",132.50K,1.23%
3/3/25,"86,209.70","94,266.10","94,266.10","85,140.80",143.15K,-8.55%
3/2/25,"94,265.10","86,065.70","94,986.50","85,069.30",126.76K,9.52%
3/1/25,"86,071.60","84,353.40","86,546.30","83,837.30",79.51K,2.00%
2/28/25,"84,381.20","84,713.30","85,028.70","78,329.80",186.90K,-0.39%
2/27/25,"84,714.60","84,204.60","87,013.90","82,723.50",116.14K,0.60%
2/26/25,"84,212.70","88,675.00","89,375.30","82,332.90",145.33K,-5.04%
2/25/25,"88,686.00","91,510.40","92,523.10","86,097.50",195.29K,-3.08%
2/24/25,"91,508.50","96,261.00","96,497.90","91,378.50",96.46K,-4.93%
2/23/25,"96,258.80","96,556.20","96,655.20","95,259.50",38.82K,-0.31%
2/22/25,"96,556.10","96,158.30","96,930.80","95,801.10",45.62K,0.42%
2/21/25,"96,155.60","98,310.30","99,473.40","94,903.60",104.28K,-2.19%
2/20/25,"98,310.30","96,645.20","98,721.60","96,441.90",61.84K,1.72%
2/19/25,"96,644.80","95,663.70","96,829.60","95,049.10",58.27K,1.05%
2/18/25,"95,638.00","95,781.50","96,645.10","93,403.40",74.09K,-0.15%
2/17/25,"95,781.30","96,120.20","97,002.30","95,222.00",58.40K,-0.36%
2/16/25,"96,132.10","97,573.10","97,706.50","96,060.20",33.35K,-1.48%
2/15/25,"97,573.40","97,504.40","97,973.20","97,210.80",29.65K,0.07%
2/14/25,"97,504.60","96,611.60","98,817.30","96,316.50",65.37K,0.93%
2/13/25,"96,610.20","97,874.70","98,079.60","95,295.40",66.76K,-1.30%
2/12/25,"97,881.30","95,777.20","98,095.80","94,110.70",87.21K,2.20%
2/11/25,"95,771.70","97,434.70","98,476.50","94,902.70",69.89K,-1.71%
2/10/25,"97,434.70","96,469.20","98,311.60","95,307.70",71.43K,1.00%
2/9/25,"96,469.20","96,448.40","97,297.80","94,750.40",48.38K,0.02%
2/8/25,"96,447.90","96,513.50","96,862.80","95,716.10",38.99K,-0.07%
2/7/25,"96,513.50","96,564.80","100,133.90","95,693.70",97.60K,-0.06%
2/6/25,"96,568.80","96,606.30","99,119.20","95,706.60",76.92K,-0.03%
2/5/25,"96,595.30","97,784.80","99,028.30","96,163.80",82.92K,-1.23%
2/4/25,"97,793.40","101,339.70","101,692.90","96,190.50",117.35K,-3.50%
2/3/25,"101,337.10","97,686.00","102,372.20","91,695.80",190.81K,3.74%
2/2/25,"97,684.90","100,647.10","101,451.00","96,250.20",99.36K,-2.94%
2/1/25,"100,648.00","102,421.30","102,770.80","100,293.50",47.48K,-1.73%
1/31/25,"102,424.20","104,726.90","105,876.30","101,576.00",82.79K,-2.20%
1/30/25,"104,726.90","103,723.00","106,409.10","103,388.40",74.84K,0.97%
1/29/25,"103,722.00","101,342.10","104,760.00","101,340.60",74.38K,2.34%
1/28/25,"101,349.30","102,085.20","103,584.10","100,288.00",74.69K,-0.73%
1/27/25,"102,091.70","102,618.30","103,234.80","97,987.50",146.38K,-0.53%
1/26/25,"102,637.80","104,743.80","105,399.80","102,543.80",32.18K,-2.01%
1/25/25,"104,742.90","104,861.40","105,255.60","104,133.90",37.68K,-0.11%
1/24/25,"104,862.30","103,913.60","107,102.20","102,760.00",83.96K,0.91%
1/23/25,"103,912.10","103,681.30","106,806.50","101,281.60",141.80K,0.22%
1/22/25,"103,684.80","106,157.20","106,266.20","103,354.40",77.56K,-2.33%
1/21/25,"106,157.20","102,190.20","107,211.90","100,192.50",129.36K,3.87%
1/20/25,"102,197.70","101,313.30","109,228.60","99,676.00",202.66K,0.87%
1/19/25,"101,319.50","104,536.80","106,338.20","99,742.70",123.72K,-3.08%
1/18/25,"104,536.90","104,084.70","104,953.10","102,297.00",79.30K,0.43%
1/17/25,"104,084.90","99,991.90","105,843.80","99,956.20",127.33K,4.08%
1/16/25,"100,004.50","100,499.90","100,812.40","97,400.20",87.08K,-0.49%
1/15/25,"100,499.80","96,547.40","100,671.00","96,501.90",95.32K,4.10%
1/14/25,"96,542.10","94,536.70","97,361.20","94,359.50",87.79K,2.12%
1/13/25,"94,536.10","94,545.00","95,928.10","89,423.10",37.70K,-0.01%
1/12/25,"94,541.80","94,600.00","95,384.30","93,711.20",17.60K,-0.07%
1/11/25,"94,612.00","94,724.00","94,765.50","93,847.80",72.66K,-0.12%
1/10/25,"94,724.10","92,540.50","95,760.60","92,310.60",125.42K,2.36%
1/9/25,"92,539.80","95,066.60","95,323.10","91,241.90",132.78K,-2.66%
1/8/25,"95,066.60","96,938.20","97,266.40","92,716.60",100.36K,-1.92%
1/7/25,"96,929.80","102,247.90","102,678.20","96,201.30",99.77K,-5.20%
1/6/25,"102,248.70","98,373.20","102,474.50","97,932.30",86.73K,3.97%
1/5/25,"98,347.70","98,220.10","98,823.10","97,300.00",31.34K,0.13%
1/4/25,"98,219.90","98,168.90","98,742.60","97,568.90",36.56K,0.05%
1/3/25,"98,167.50","96,960.20","98,963.30","96,090.60",61.62K,1.25%
1/2/25,"96,960.00","94,561.10","97,808.00","94,381.20",76.13K,2.54%
1/1/25,"94,560.20","93,557.30","95,100.00","92,939.30",43.34K,1.07%
12/31/24,"93,557.20","92,777.20","96,163.40","92,036.20",74.85K,0.84%
12/30/24,"92,779.80","93,718.70","94,936.40","91,522.30",112.43K,-1.00%
12/29/24,"93,716.30","95,282.60","95,315.40","93,026.70",47.71K,-1.65%
12/28/24,"95,284.50","94,274.90","95,684.30","94,124.70",32.97K,1.07%
12/27/24,"94,275.90","95,776.40","97,243.30","93,472.80",85.12K,-1.57%
12/26/24,"95,777.70","99,389.40","99,922.50","95,193.30",74.60K,-3.64%
12/25/24,"99,391.30","98,661.90","99,514.10","97,651.90",39.80K,0.73%
12/24/24,"98,668.10","94,852.80","99,446.60","93,566.20",69.86K,4.02%
12/23/24,"94,852.10","95,184.80","96,517.80","92,543.20",133.24K,-0.35%
12/22/24,"95,183.80","97,281.60","97,422.20","94,265.20",100.64K,-2.13%
12/21/24,"97,253.30","97,799.10","99,531.90","96,478.60",123.36K,-0.55%
12/20/24,"97,795.70","97,468.30","98,178.20","92,301.90",221.18K,0.34%
12/19/24,"97,466.10","100,190.50","102,778.80","95,672.20",200.57K,-2.73%
12/18/24,"100,197.80","106,140.70","106,477.60","100,049.30",187.49K,-5.60%
12/17/24,"106,138.90","106,053.40","108,244.90","105,350.60",149.37K,0.08%
12/16/24,"106,057.60","104,479.20","107,767.60","103,351.70",232.66K,1.55%
12/15/24,"104,443.00","101,417.90","105,120.90","101,234.90",133.99K,2.98%
12/14/24,"101,417.70","101,423.70","102,633.00","100,626.30",105.31K,-0.01%
12/13/24,"101,426.20","100,008.30","101,891.20","99,214.20",162.40K,1.42%
12/12/24,"100,009.90","101,126.30","102,495.30","99,334.50",188.96K,-1.10%
12/11/24,"101,126.20","96,603.20","101,877.10","95,689.50",250.02K,4.69%
12/10/24,"96,600.30","97,311.50","98,237.80","94,304.50",271.45K,-0.78%
12/9/24,"97,359.40","101,129.70","101,198.60","94,395.80",321.01K,-3.72%
12/8/24,"101,115.80","99,837.00","101,339.90","98,713.90",128.93K,1.28%
12/7/24,"99,837.00","99,757.20","100,441.80","98,969.00",118.44K,0.08%
12/6/24,"99,760.70","96,968.90","101,908.50","96,452.00",213.49K,2.88%
12/5/24,"96,970.80","98,624.80","103,719.40","92,510.40",245.79K,-1.69%
12/4/24,"98,635.80","95,900.10","99,030.70","94,625.30",113.77K,2.85%
12/3/24,"95,898.70","95,843.90","96,245.00","93,646.10",95.08K,0.05%
12/2/24,"95,846.60","97,199.30","98,082.00","94,510.60",95.80K,-1.39%
12/1/24,"97,201.40","96,404.70","97,813.90","95,721.80",42.90K,0.83%
11/30/24,"96,405.70","97,438.50","97,461.90","96,119.60",36.92K,-1.06%
11/29/24,"97,438.00","95,645.60","98,599.80","95,405.70",76.54K,1.87%
11/28/24,"95,645.50","95,881.40","96,549.00","94,648.80",68.17K,-0.25%
11/27/24,"95,886.60","91,975.50","97,219.80","91,795.50",106.39K,4.25%
11/26/24,"91,977.60","93,046.50","94,978.80","90,817.20",131.88K,-1.17%
11/25/24,"93,064.40","97,948.80","98,872.40","92,875.30",124.98K,-4.97%
11/24/24,"97,935.20","97,696.40","98,552.60","95,765.40",77.04K,0.24%
11/23/24,"97,699.00","98,927.20","98,927.20","97,180.90",72.17K,-1.24%
11/22/24,"98,929.70","98,381.20","99,617.40","97,182.20",132.23K,0.56%
11/21/24,"98,374.50","94,308.70","98,937.20","94,063.80",179.07K,4.32%
11/20/24,"94,303.90","92,252.60","94,836.10","91,517.40",121.46K,2.24%
11/19/24,"92,239.20","90,482.10","93,918.50","90,378.70",146.04K,1.95%
11/18/24,"90,478.70","89,843.30","92,567.10","89,410.40",150.47K,0.72%
11/17/24,"89,833.70","90,569.40","91,441.60","88,736.10",81.24K,-0.78%
11/16/24,"90,539.10","91,035.30","91,748.90","90,079.00",79.82K,-0.56%
11/15/24,"91,046.50","87,297.20","91,833.10","87,118.80",158.19K,4.30%
11/14/24,"87,294.00","90,424.80","91,726.70","86,740.20",153.34K,-3.46%
11/13/24,"90,422.20","87,971.20","93,226.60","86,168.40",257.57K,2.82%
11/12/24,"87,941.30","88,665.00","89,929.60","85,122.20",288.68K,-0.82%
11/11/24,"88,664.10","80,389.00","89,519.00","80,231.80",254.04K,10.29%
11/10/24,"80,388.50","76,681.40","81,373.50","76,520.50",193.83K,4.81%
11/9/24,"76,700.30","76,506.10","76,904.00","75,732.50",72.97K,0.24%
11/8/24,"76,517.30","75,869.80","77,188.50","75,599.00",155.17K,0.85%
11/7/24,"75,868.60","75,585.50","76,837.80","74,448.20",184.16K,0.37%
11/6/24,"75,586.30","69,374.10","76,401.40","69,323.00",357.28K,8.96%
11/5/24,"69,373.70","67,848.30","70,495.60","67,473.60",108.95K,2.25%
11/4/24,"67,848.80","68,770.30","69,483.40","66,834.00",101.31K,-1.34%
11/3/24,"68,769.60","69,334.80","69,383.60","67,514.20",83.16K,-0.80%
11/2/24,"69,325.80","69,499.30","69,896.90","69,029.00",38.72K,-0.26%
11/1/24,"69,507.20","70,278.70","71,598.40","68,846.00",130.46K,-1.10%
10/31/24,"70,281.80","72,343.70","72,685.70","69,674.50",111.29K,-2.86%
10/30/24,"72,347.80","72,732.50","72,907.40","71,460.00",99.05K,-0.53%
10/29/24,"72,730.40","69,957.20","73,569.40","69,753.20",168.60K,3.97%
10/28/24,"69,954.10","68,011.90","70,203.40","67,610.00",103.97K,2.87%
10/27/24,"68,004.60","67,084.70","68,308.00","66,924.60",33.58K,1.37%
10/26/24,"67,086.80","66,694.50","67,408.40","66,443.80",42.05K,0.58%
10/25/24,"66,696.80","68,191.90","68,756.80","65,644.20",110.51K,-2.19%
10/24/24,"68,191.50","66,659.20","68,831.80","66,510.60",82.78K,2.29%
10/23/24,"66,663.70","67,428.60","67,441.10","65,246.70",84.99K,-1.13%
10/22/24,"67,427.30","67,370.80","67,815.30","66,609.40",86.76K,0.08%
10/21/24,"67,371.30","69,030.50","69,490.80","66,845.50",109.28K,-2.40%
10/20/24,"69,030.50","68,373.30","69,386.40","67,443.90",44.92K,0.96%
10/19/24,"68,372.00","68,426.40","68,688.80","68,025.50",33.29K,-0.07%
10/18/24,"68,423.10","67,416.50","68,990.30","67,190.90",99.20K,1.49%
10/17/24,"67,418.40","67,618.10","67,933.50","66,677.30",84.68K,-0.30%
10/16/24,"67,617.90","67,075.10","68,389.40","66,766.60",98.30K,0.81%
10/15/24,"67,077.50","66,084.10","67,821.90","64,850.60",136.72K,1.51%
10/14/24,"66,081.70","62,870.70","66,476.60","62,463.70",122.09K,5.11%
10/13/24,"62,870.90","63,205.40","63,284.60","62,054.20",42.26K,-0.53%
10/12/24,"63,205.10","62,506.60","63,463.10","62,486.10",40.91K,1.13%
10/11/24,"62,499.40","60,317.50","63,385.10","60,080.60",86.38K,3.62%
10/10/24,"60,316.20","60,628.90","61,304.60","59,075.70",83.86K,-0.52%
10/9/24,"60,628.80","62,157.00","62,537.00","60,355.50",68.79K,-2.46%
10/8/24,"62,157.00","62,226.90","63,196.60","61,883.20",63.75K,-0.14%
10/7/24,"62,245.60","62,819.80","64,449.30","62,175.80",86.27K,-0.91%
10/6/24,"62,819.40","62,062.00","62,934.50","61,495.40",31.72K,1.22%
10/5/24,"62,061.40","62,085.50","62,366.80","61,705.70",30.15K,-0.03%
10/4/24,"62,081.00","60,751.40","62,471.70","60,469.30",72.71K,2.19%
10/3/24,"60,751.20","60,642.00","61,468.90","59,904.40",82.43K,0.17%
10/2/24,"60,645.70","60,834.20","62,339.80","60,002.70",98.94K,-0.31%
10/1/24,"60,835.50","63,329.90","64,125.30","60,195.90",134.93K,-3.95%
9/30/24,"63,339.20","65,607.00","65,607.00","62,901.10",101.70K,-3.46%
9/29/24,"65,607.10","65,862.80","66,065.70","65,436.80",32.60K,-0.39%
9/28/24,"65,866.50","65,775.60","66,232.50","65,438.10",35.00K,0.14%
9/27/24,"65,776.30","65,168.80","66,440.70","64,839.20",80.55K,0.92%
9/26/24,"65,175.70","63,157.20","65,770.90","62,693.30",96.06K,3.20%
9/25/24,"63,156.50","64,262.90","64,788.40","62,952.80",62.72K,-1.71%
9/24/24,"64,256.80","63,335.90","64,664.10","62,740.80",76.71K,1.46%
9/23/24,"63,331.80","63,575.40","64,723.40","62,650.00",75.66K,-0.38%
9/22/24,"63,572.70","63,351.20","63,998.20","62,394.60",48.86K,0.35%
9/21/24,"63,348.10","63,201.20","63,526.30","62,778.60",33.20K,0.23%
9/20/24,"63,201.20","62,942.40","64,085.10","62,367.10",90.65K,0.42%
9/19/24,"62,938.60","61,754.80","63,849.60","61,596.50",120.17K,1.91%
9/18/24,"61,757.60","60,308.50","61,757.60","59,210.70",105.57K,2.40%
9/17/24,"60,309.10","58,213.10","61,309.00","57,630.20",106.30K,3.60%
9/16/24,"58,213.10","59,126.20","59,204.30","57,527.80",87.60K,-1.56%
9/15/24,"59,138.50","59,995.60","60,377.60","58,717.90",47.01K,-1.43%
9/14/24,"59,995.40","60,514.80","60,609.40","59,494.30",44.47K,-0.85%
9/13/24,"60,511.60","58,134.40","60,625.40","57,656.80",102.12K,4.09%
9/12/24,"58,134.50","57,335.50","58,484.10","57,329.60",98.42K,1.39%
9/11/24,"57,338.70","57,638.00","57,975.90","55,576.60",102.15K,-0.51%
9/10/24,"57,635.00","57,045.60","58,019.90","56,415.30",77.65K,1.03%
9/9/24,"57,049.60","54,868.00","57,956.70","54,595.40",105.33K,3.99%
9/8/24,"54,861.30","54,161.40","55,292.70","53,642.40",51.99K,1.30%
9/7/24,"54,156.50","53,965.00","54,819.20","53,754.30",58.11K,0.35%
9/6/24,"53,966.80","56,179.70","56,969.10","52,644.60",155.84K,-3.94%
9/5/24,"56,183.20","57,970.70","58,318.90","55,744.60",90.36K,-3.09%
9/4/24,"57,973.40","57,490.40","58,508.80","55,732.10",108.44K,0.86%
9/3/24,"57,479.80","59,133.70","59,799.70","57,436.90",74.77K,-2.80%
9/2/24,"59,134.00","57,309.00","59,416.60","57,185.80",73.18K,3.17%
9/1/24,"57,315.70","58,975.70","59,058.70","57,232.40",63.95K,-2.82%
8/31/24,"58,978.60","59,120.40","59,447.00","58,761.10",30.86K,-0.24%
8/30/24,"59,119.70","59,371.70","59,817.60","57,874.70",87.31K,-0.43%
8/29/24,"59,373.50","59,027.30","61,150.60","58,807.10",87.19K,0.61%
8/28/24,"59,016.00","59,425.60","60,198.40","57,912.10",109.47K,-0.73%
8/27/24,"59,450.90","62,832.20","63,201.40","58,187.30",108.53K,-5.40%
8/26/24,"62,846.20","64,240.70","64,472.50","62,841.10",68.89K,-2.22%
8/25/24,"64,273.20","64,160.70","64,939.20","63,796.60",41.61K,0.18%
8/24/24,"64,159.30","64,061.70","64,458.90","63,579.50",54.14K,0.17%
8/23/24,"64,053.10","60,374.70","64,830.10","60,354.40",125.50K,6.10%
8/22/24,"60,372.20","61,158.30","61,399.70","59,815.80",74.39K,-1.29%
8/21/24,"61,158.10","59,010.00","61,812.00","58,831.10",91.31K,3.65%
8/20/24,"59,005.80","59,470.30","61,331.60","58,612.00",69.77K,-0.78%
8/19/24,"59,470.90","58,445.80","59,598.50","57,872.00",49.19K,1.75%
8/18/24,"58,446.30","59,485.40","60,216.30","58,436.10",30.82K,-1.74%
8/17/24,"59,483.10","58,877.80","59,659.50","58,825.50",18.51K,1.03%
8/16/24,"58,877.20","57,545.10","59,817.30","57,129.10",64.01K,2.33%
8/15/24,"57,534.60","58,710.10","59,831.40","56,275.70",81.47K,-2.00%
8/14/24,"58,707.80","60,594.60","61,543.00","58,491.20",64.79K,-3.11%
8/13/24,"60,595.20","59,350.20","61,537.00","58,492.40",62.92K,2.10%
8/12/24,"59,350.00","58,711.70","60,606.20","57,689.00",79.31K,1.08%
8/11/24,"58,713.30","60,929.80","61,677.30","58,388.70",41.06K,-3.64%
8/10/24,"60,931.70","60,844.50","61,344.50","60,264.20",22.91K,0.13%
8/9/24,"60,850.60","61,697.80","61,712.30","59,570.20",69.55K,-1.38%
8/8/24,"61,699.70","55,112.80","62,563.50","54,786.90",109.77K,11.94%
8/7/24,"55,120.90","56,049.90","57,669.60","54,598.50",94.52K,-1.67%
8/6/24,"56,057.80","54,010.80","57,025.60","53,998.20",113.89K,3.85%
8/5/24,"53,979.00","58,142.90","58,291.40","49,486.90",333.46K,-7.16%
8/4/24,"58,141.80","60,700.20","61,086.50","57,346.90",72.71K,-4.21%
8/3/24,"60,696.70","61,480.80","62,184.20","59,914.60",65.74K,-1.27%
8/2/24,"61,478.70","65,351.80","65,567.10","61,242.30",93.89K,-5.96%
8/1/24,"65,372.90","64,625.70","65,587.90","62,303.90",84.20K,1.16%
7/31/24,"64,626.00","66,185.40","66,825.60","64,538.30",51.52K,-2.36%
7/30/24,"66,184.90","66,796.10","66,998.30","65,328.70",54.43K,-0.92%
7/29/24,"66,798.70","68,256.30","70,000.20","66,544.50",85.67K,-2.14%
7/28/24,"68,256.30","67,888.90","68,291.90","67,067.80",26.17K,0.61%
7/27/24,"67,843.10","67,910.80","69,387.60","66,776.80",67.99K,-0.10%
7/26/24,"67,908.60","65,799.70","68,205.00","65,764.30",59.13K,3.21%
7/25/24,"65,799.30","65,363.90","66,088.60","63,500.90",77.46K,0.66%
7/24/24,"65,370.50","65,936.80","67,072.10","65,155.20",52.47K,-0.86%
7/23/24,"65,937.80","67,550.40","67,750.20","65,512.90",69.58K,-2.39%
7/22/24,"67,553.60","68,158.40","68,468.90","66,601.80",54.88K,-0.89%
7/21/24,"68,158.70","67,147.80","68,352.90","65,825.60",47.19K,1.50%
7/20/24,"67,148.50","66,677.00","67,586.40","66,257.40",32.94K,0.71%
7/19/24,"66,677.40","63,981.20","67,390.40","63,326.10",82.87K,4.22%
7/18/24,"63,980.50","64,090.40","65,102.00","63,253.50",51.27K,-0.17%
7/17/24,"64,089.20","65,052.80","66,051.50","63,897.50",66.11K,-1.48%
7/16/24,"65,049.70","64,749.20","65,319.50","62,430.80",93.63K,0.41%
7/15/24,"64,782.40","60,794.70","64,869.50","60,678.80",96.02K,6.56%
7/14/24,"60,794.90","59,207.90","61,326.90","59,207.90",47.48K,2.68%
7/13/24,"59,209.80","57,897.40","59,826.50","57,770.60",34.28K,2.29%
7/12/24,"57,885.10","57,338.30","58,520.90","56,575.70",56.84K,0.96%
7/11/24,"57,337.30","57,745.90","59,404.40","57,095.00",66.40K,-0.71%
7/10/24,"57,746.70","58,040.20","59,393.80","57,185.30",59.60K,-0.50%
7/9/24,"58,039.40","56,721.30","58,234.00","56,306.30",64.25K,2.32%
7/8/24,"56,724.70","55,850.20","58,115.80","54,320.00",102.91K,1.55%
7/7/24,"55,861.10","58,240.20","58,394.60","55,756.30",41.12K,-4.12%
7/6/24,"58,259.20","56,640.00","58,462.00","56,026.80",46.91K,2.86%
7/5/24,"56,641.80","57,025.70","57,471.10","53,883.40",175.51K,-0.67%
7/4/24,"57,026.30","60,201.40","60,463.00","56,812.70",116.38K,-5.27%
7/3/24,"60,199.30","62,104.90","62,263.60","59,466.60",73.34K,-3.07%
7/2/24,"62,103.30","62,888.30","63,257.00","61,797.60",46.52K,-1.25%
7/1/24,"62,890.10","62,768.80","63,842.10","62,558.00",59.94K,0.22%
6/30/24,"62,754.30","60,973.10","63,006.60","60,703.70",37.21K,2.92%
6/29/24,"60,973.40","60,403.70","61,192.80","60,382.80",26.56K,0.94%
6/28/24,"60,403.30","61,684.60","62,175.40","60,081.90",58.95K,-2.08%
6/27/24,"61,685.30","60,848.30","62,351.20","60,629.40",48.79K,1.37%
6/26/24,"60,849.40","61,809.90","62,469.40","60,715.10",54.95K,-1.55%
6/25/24,"61,809.40","60,292.00","62,266.00","60,262.20",77.28K,2.52%
6/24/24,"60,292.70","63,201.60","63,357.10","58,589.90",120.60K,-4.59%
6/23/24,"63,196.20","64,261.00","64,518.90","63,195.30",19.94K,-1.66%
6/22/24,"64,261.00","64,131.90","64,523.90","63,944.00",17.55K,0.21%
6/21/24,"64,128.50","64,854.30","65,054.90","63,427.90",60.86K,-1.12%
6/20/24,"64,854.30","64,982.10","66,474.20","64,566.70",56.24K,-0.19%
6/19/24,"64,980.90","65,159.80","65,706.40","64,705.60",42.96K,-0.27%
6/18/24,"65,159.90","66,495.70","66,571.20","64,098.40",93.72K,-2.01%
6/17/24,"66,498.80","66,672.90","67,253.80","65,115.40",66.09K,-0.26%
6/16/24,"66,674.70","66,223.00","66,951.40","66,038.10",20.74K,0.68%
6/15/24,"66,223.00","66,034.10","66,446.40","65,895.10",24.05K,0.29%
6/14/24,"66,034.80","66,775.20","67,347.70","65,076.50",65.18K,-1.11%
6/13/24,"66,773.10","68,260.60","68,384.60","66,324.30",66.36K,-2.18%
6/12/24,"68,260.10","67,320.90","69,990.80","66,911.50",85.55K,1.40%
6/11/24,"67,319.80","69,537.90","69,573.30","66,197.80",96.70K,-3.19%
6/10/24,"69,538.20","69,650.20","70,152.50","69,259.90",39.12K,-0.16%
6/9/24,"69,650.60","69,310.50","69,847.80","69,136.70",20.99K,0.49%
6/8/24,"69,310.10","69,347.00","69,572.10","69,222.40",23.03K,-0.05%
6/7/24,"69,347.90","70,793.40","71,956.50","68,620.70",82.62K,-2.04%
6/6/24,"70,791.50","71,083.60","71,616.10","70,178.70",49.79K,-0.41%
6/5/24,"71,083.70","70,550.90","71,744.40","70,397.10",67.06K,0.76%
6/4/24,"70,549.20","68,808.00","71,034.20","68,564.30",75.69K,2.53%
6/3/24,"68,807.80","67,763.30","70,131.00","67,616.80",69.42K,1.53%
6/2/24,"67,773.50","67,760.80","68,447.50","67,330.60",30.63K,0.02%
6/1/24,"67,760.80","67,533.90","67,861.00","67,449.60",19.01K,0.34%
5/31/24,"67,530.10","68,352.30","69,018.20","66,676.80",61.51K,-1.21%
5/30/24,"68,354.70","67,631.30","69,504.70","67,138.40",66.84K,1.06%
5/29/24,"67,635.80","68,366.20","68,897.60","67,143.20",52.13K,-1.07%
5/28/24,"68,366.00","69,428.30","69,560.70","67,299.90",71.39K,-1.53%
5/27/24,"69,428.70","68,514.60","70,638.30","68,275.20",49.07K,1.33%
5/26/24,"68,514.80","69,287.20","69,494.00","68,294.50",24.58K,-1.11%
5/25/24,"69,284.40","68,548.20","69,558.80","68,516.10",25.17K,1.07%
5/24/24,"68,547.60","67,971.10","69,212.00","66,685.80",63.28K,0.84%
5/23/24,"67,975.70","69,166.30","70,041.00","66,578.10",89.45K,-1.71%
5/22/24,"69,155.40","70,141.00","70,593.40","69,024.30",65.08K,-1.40%
5/21/24,"70,139.90","71,430.50","71,872.00","69,181.70",108.56K,-1.80%
5/20/24,"71,422.70","66,278.30","71,482.80","66,076.50",112.66K,7.76%
5/19/24,"66,279.10","66,919.00","67,662.50","65,937.30",36.19K,-0.95%
5/18/24,"66,917.50","67,036.60","67,361.40","66,636.10",29.68K,-0.18%
5/17/24,"67,036.80","65,231.10","67,420.70","65,121.70",63.09K,2.77%
5/16/24,"65,231.00","66,219.60","66,643.90","64,623.30",72.55K,-1.50%
5/15/24,"66,225.10","61,569.40","66,417.10","61,357.50",106.05K,7.56%
5/14/24,"61,569.40","62,936.80","63,102.60","61,156.90",68.84K,-2.17%
5/13/24,"62,937.20","61,480.50","63,443.20","60,779.00",70.55K,2.37%
5/12/24,"61,480.00","60,826.60","61,847.70","60,647.10",27.40K,1.07%
5/11/24,"60,826.60","60,796.80","61,487.50","60,499.30",27.50K,0.05%
5/10/24,"60,796.90","63,074.30","63,454.30","60,251.80",79.33K,-3.61%
5/9/24,"63,075.00","61,207.30","63,413.30","60,671.40",64.22K,3.05%
5/8/24,"61,207.50","62,304.90","62,997.40","60,894.20",56.47K,-1.78%
5/7/24,"62,317.70","63,163.10","64,361.00","62,294.10",59.74K,-1.34%
5/6/24,"63,163.10","64,005.80","65,448.80","62,730.70",77.68K,-1.32%
5/5/24,"64,006.40","63,897.70","64,587.20","62,923.90",40.51K,0.18%
5/4/24,"63,888.30","62,887.10","64,466.00","62,599.10",53.03K,1.61%
5/3/24,"62,877.50","59,104.30","63,298.40","58,830.80",100.46K,6.35%
5/2/24,"59,121.30","58,334.90","59,548.00","56,989.80",98.06K,1.35%
5/1/24,"58,331.20","60,665.00","60,827.50","56,643.50",171.55K,-3.85%
4/30/24,"60,666.60","63,852.40","64,700.20","59,228.70",121.04K,-5.00%
4/29/24,"63,860.10","63,113.70","64,193.10","61,837.20",67.26K,1.19%
4/28/24,"63,109.70","63,457.90","64,346.10","62,827.80",36.65K,-0.55%
4/27/24,"63,456.80","63,765.80","63,916.70","62,507.70",45.34K,-0.49%
4/26/24,"63,766.40","64,497.10","64,771.30","63,354.90",61.60K,-1.13%
4/25/24,"64,497.10","64,287.10","65,247.50","62,889.20",80.77K,0.33%
4/24/24,"64,285.70","66,414.90","67,060.50","63,606.90",77.83K,-3.21%
4/23/24,"66,415.00","66,829.50","67,180.00","65,848.30",52.42K,-0.62%
4/22/24,"66,829.30","64,940.10","67,208.00","64,527.50",72.30K,2.91%
4/21/24,"64,940.20","64,942.10","65,680.60","64,267.50",42.02K,-0.03%
4/20/24,"64,961.10","63,817.60","65,375.60","63,131.70",49.33K,1.82%
4/19/24,"63,799.10","63,480.50","65,441.20","59,693.30",150.34K,0.50%
4/18/24,"63,481.40","61,278.90","64,092.40","60,822.30",97.38K,3.59%
4/17/24,"61,278.90","63,802.30","64,451.50","59,820.80",118.92K,-3.96%
4/16/24,"63,805.30","63,416.10","64,274.40","61,715.60",114.96K,0.62%
4/15/24,"63,411.90","65,696.60","66,805.10","62,379.50",118.79K,-3.48%
4/14/24,"65,697.40","63,909.50","65,758.20","62,174.70",134.40K,2.89%
4/13/24,"63,849.90","67,137.40","67,921.00","61,065.50",149.48K,-4.92%
4/12/24,"67,151.90","70,014.90","71,226.90","65,829.30",131.84K,-4.08%
4/11/24,"70,011.60","70,620.40","71,249.20","69,586.10",72.51K,-0.86%
4/10/24,"70,622.10","69,147.80","71,086.90","67,570.00",97.71K,2.13%
4/9/24,"69,148.00","71,627.30","71,737.20","68,264.60",93.69K,-3.47%
4/8/24,"71,630.10","69,358.00","72,710.80","69,110.50",105.78K,3.27%
4/7/24,"69,360.40","68,897.30","70,285.80","68,849.40",46.99K,0.68%
4/6/24,"68,890.60","67,830.50","69,632.00","67,467.20",41.48K,1.56%
4/5/24,"67,830.60","68,498.70","68,692.20","66,023.30",88.97K,-0.97%
4/4/24,"68,496.50","65,968.40","69,238.80","65,096.30",100.30K,3.84%
4/3/24,"65,963.00","65,443.60","66,844.80","64,559.00",88.46K,0.80%
4/2/24,"65,439.20","69,662.70","69,673.00","64,628.40",152.87K,-6.07%
4/1/24,"69,664.40","71,329.30","71,329.30","68,175.90",94.05K,-2.34%
3/31/24,"71,332.00","69,608.50","71,367.50","69,576.60",42.45K,2.47%
3/30/24,"69,611.50","69,872.30","70,321.20","69,564.90",29.87K,-0.37%
3/29/24,"69,871.70","70,766.70","70,907.00","69,090.90",58.99K,-1.26%
3/28/24,"70,762.10","69,449.40","71,542.50","68,956.90",72.49K,1.90%
3/27/24,"69,442.40","69,999.20","71,670.80","68,428.60",112.88K,-0.80%
3/26/24,"69,999.30","69,896.30","71,490.70","69,366.40",90.98K,0.15%
3/25/24,"69,892.00","67,216.40","71,118.80","66,395.00",124.72K,3.99%
3/24/24,"67,211.90","64,036.50","67,587.80","63,812.90",65.59K,4.96%
3/23/24,"64,037.80","63,785.60","65,972.40","63,074.90",35.11K,0.40%
3/22/24,"63,785.50","65,501.50","66,633.30","62,328.30",72.43K,-2.62%
3/21/24,"65,503.80","67,860.00","68,161.70","64,616.10",75.26K,-3.46%
3/20/24,"67,854.00","62,046.80","68,029.50","60,850.90",133.53K,9.35%
3/19/24,"62,050.00","67,594.10","68,099.60","61,560.60",148.08K,-8.20%
3/18/24,"67,594.10","68,389.70","68,920.10","66,601.40",78.07K,-1.17%
3/17/24,"68,391.20","65,314.20","68,857.70","64,605.50",66.07K,4.71%
3/16/24,"65,314.20","69,456.50","70,037.00","64,971.00",75.82K,-5.97%
3/15/24,"69,463.70","71,387.10","72,398.10","65,765.60",148.59K,-2.69%
3/14/24,"71,387.50","73,066.70","73,740.90","68,717.20",109.43K,-2.30%
3/13/24,"73,066.30","71,461.90","73,623.50","71,338.40",77.18K,2.23%
3/12/24,"71,470.20","72,099.10","72,916.70","68,845.60",105.09K,-0.87%
3/11/24,"72,099.10","68,964.70","72,771.50","67,452.80",114.72K,4.54%
3/10/24,"68,964.80","68,360.70","69,905.30","68,165.00",53.49K,0.88%
3/9/24,"68,366.50","68,178.50","68,576.90","67,923.90",30.71K,0.29%
3/8/24,"68,172.00","66,854.40","69,904.00","66,170.70",112.67K,1.97%
3/7/24,"66,855.30","66,074.60","67,985.50","65,602.60",77.47K,1.17%
3/6/24,"66,080.40","63,794.70","67,604.90","62,848.70",117.91K,3.59%
3/5/24,"63,792.60","68,273.10","69,063.10","60,138.20",207.60K,-6.56%
3/4/24,"68,270.10","63,135.80","68,495.10","62,746.80",130.86K,8.13%
3/3/24,"63,135.80","61,955.60","63,227.30","61,399.40",38.01K,1.84%
3/2/24,"61,994.50","62,397.70","62,446.30","61,621.90",33.80K,-0.65%
3/1/24,"62,397.70","61,157.30","63,147.30","60,790.90",74.96K,2.01%
2/29/24,"61,169.30","62,467.10","63,653.40","60,512.50",119.29K,-2.08%
2/28/24,"62,467.60","57,048.70","63,915.30","56,704.90",173.64K,9.48%
2/27/24,"57,056.20","54,491.10","57,555.20","54,464.00",100.48K,4.70%
2/26/24,"54,495.10","51,722.70","54,899.10","50,925.20",78.05K,5.36%
2/25/24,"51,722.70","51,572.10","51,952.00","51,299.00",23.61K,0.29%
2/24/24,"51,571.60","50,739.60","51,689.90","50,592.00",20.99K,1.64%
2/23/24,"50,740.50","51,320.60","51,532.50","50,537.60",43.27K,-1.13%
2/22/24,"51,320.40","51,850.20","52,015.80","50,947.30",50.27K,-1.04%
2/21/24,"51,858.20","52,263.50","52,367.30","50,676.90",59.02K,-0.78%
2/20/24,"52,263.50","51,783.10","52,936.80","50,801.80",68.10K,0.93%
2/19/24,"51,783.60","52,119.60","52,484.80","51,694.20",36.73K,-0.64%
2/18/24,"52,117.50","51,646.00","52,350.30","51,199.60",26.89K,0.91%
2/17/24,"51,646.00","52,134.20","52,175.50","50,652.30",32.45K,-0.94%
2/16/24,"52,134.20","51,901.40","52,556.70","51,612.60",52.86K,0.45%
2/15/24,"51,901.30","51,805.20","52,819.40","51,327.50",74.72K,0.23%
2/14/24,"51,782.40","49,708.60","52,010.70","49,263.80",80.35K,4.16%
2/13/24,"49,716.00","49,941.00","50,326.60","48,398.30",78.51K,-0.45%
2/12/24,"49,941.30","48,280.20","50,277.30","47,729.90",81.85K,3.45%
2/11/24,"48,277.30","47,759.30","48,531.60","47,590.20",36.50K,1.09%
2/10/24,"47,758.20","47,128.00","48,149.00","46,875.00",31.20K,1.34%
2/9/24,"47,127.50","45,293.30","48,118.80","45,254.20",98.11K,4.05%
2/8/24,"45,293.30","44,346.20","45,579.20","44,336.40",66.38K,2.15%
2/7/24,"44,339.80","43,088.40","44,367.90","42,783.50",48.57K,2.91%
2/6/24,"43,087.70","42,697.60","43,375.50","42,566.80",33.32K,0.91%
2/5/24,"42,697.20","42,581.40","43,532.20","42,272.50",39.26K,0.27%
2/4/24,"42,581.40","43,006.20","43,113.20","42,379.40",20.33K,-0.99%
2/3/24,"43,005.70","43,194.70","43,370.40","42,882.00",14.57K,-0.44%
2/2/24,"43,194.70","43,083.70","43,459.30","42,596.30",42.65K,0.26%
2/1/24,"43,081.40","42,580.10","43,263.10","41,890.50",47.69K,1.18%
1/31/24,"42,580.50","42,946.20","43,739.70","42,315.40",56.48K,-0.85%
1/30/24,"42,946.20","43,303.30","43,817.90","42,702.90",55.13K,-0.82%
1/29/24,"43,299.80","42,031.40","43,305.60","41,824.70",45.23K,3.02%
1/28/24,"42,030.70","42,121.30","42,817.10","41,649.00",32.53K,-0.21%
1/27/24,"42,120.90","41,811.50","42,191.80","41,413.00",20.46K,0.74%
1/26/24,"41,811.30","39,942.00","42,214.80","39,831.20",69.47K,4.70%
1/25/24,"39,935.70","40,085.10","40,285.80","39,546.30",46.30K,-0.37%
1/24/24,"40,086.00","39,891.30","40,535.20","39,510.00",58.64K,0.49%
1/23/24,"39,888.80","39,555.00","40,159.40","38,546.90",82.67K,0.84%
1/22/24,"39,556.40","41,581.70","41,684.90","39,468.40",85.10K,-4.87%
1/21/24,"41,583.20","41,695.40","41,878.00","41,504.50",16.11K,-0.27%
1/20/24,"41,695.40","41,647.60","41,858.00","41,449.50",22.27K,0.11%
1/19/24,"41,648.00","41,293.80","42,164.60","40,305.40",72.64K,0.86%
1/18/24,"41,292.70","42,763.50","42,908.00","40,682.60",70.35K,-3.45%
1/17/24,"42,768.70","43,139.10","43,192.30","42,211.80",50.44K,-0.87%
1/16/24,"43,145.50","42,515.20","43,563.70","42,093.10",63.93K,1.49%
1/15/24,"42,510.70","41,747.60","43,348.90","41,719.20",52.08K,1.83%
1/14/24,"41,746.10","42,851.30","43,069.40","41,739.60",37.14K,-2.58%
1/13/24,"42,851.30","42,836.70","43,248.60","42,443.30",48.18K,0.04%
1/12/24,"42,835.90","46,348.10","46,503.20","41,857.90",136.92K,-7.58%
1/11/24,"46,348.20","46,629.30","48,923.70","45,651.80",131.04K,-0.60%
1/10/24,"46,629.30","46,112.00","47,654.30","44,403.60",131.48K,1.08%
1/9/24,"46,129.00","46,959.20","47,880.10","45,333.90",100.09K,-1.77%
1/8/24,"46,962.20","43,934.20","47,196.70","43,251.00",103.09K,6.91%
1/7/24,"43,927.30","43,973.50","44,481.20","43,627.90",29.53K,-0.09%
1/6/24,"43,967.90","44,156.60","44,203.20","43,424.00",24.26K,-0.43%
1/5/24,"44,156.90","44,163.00","44,312.10","42,629.00",68.07K,0.00%
1/4/24,"44,157.00","42,836.10","44,744.50","42,632.80",68.05K,3.08%
1/3/24,"42,836.10","44,943.70","45,492.70","40,888.30",117.65K,-4.69%
1/2/24,"44,943.70","44,182.90","45,885.40","44,166.00",97.84K,1.72%
1/1/24,"44,183.40","42,272.50","44,187.00","42,196.70",36.30K,4.52%
12/31/23,"42,272.50","42,141.60","42,878.80","41,971.40",35.58K,0.32%
12/30/23,"42,136.70","42,074.70","42,592.20","41,527.30",35.18K,0.15%
12/29/23,"42,072.40","42,581.10","43,108.00","41,459.00",60.98K,-1.19%
12/28/23,"42,581.10","43,446.50","43,782.60","42,309.30",49.84K,-1.99%
12/27/23,"43,446.50","42,514.30","43,676.70","42,115.30",50.10K,2.20%
12/26/23,"42,513.30","43,579.90","43,594.90","41,796.60",56.03K,-2.44%
12/25/23,"43,578.50","42,982.00","43,792.70","42,745.30",32.67K,1.39%
12/24/23,"42,981.50","43,710.40","43,935.70","42,748.50",30.86K,-1.67%
12/23/23,"43,710.40","43,968.90","43,994.60","43,325.70",21.29K,-0.59%
12/22/23,"43,968.90","43,865.90","44,394.60","43,419.30",44.50K,0.23%
12/21/23,"43,865.90","43,660.30","44,241.80","43,310.20",48.96K,0.47%
12/20/23,"43,662.80","42,259.50","44,278.70","42,217.20",70.19K,3.32%
12/19/23,"42,259.30","42,659.70","43,473.30","41,842.70",55.29K,-0.94%
12/18/23,"42,659.70","41,369.10","42,728.00","40,554.00",61.58K,3.12%
12/17/23,"41,368.70","42,271.70","42,413.20","41,276.90",35.46K,-2.14%
12/16/23,"42,271.70","41,929.00","42,690.30","41,698.20",30.11K,0.82%
12/15/23,"41,929.00","43,025.20","43,080.70","41,697.90",45.28K,-2.55%
12/14/23,"43,025.90","42,886.30","43,392.70","41,591.20",59.15K,0.33%
12/13/23,"42,884.50","41,487.00","43,417.50","40,649.30",63.11K,3.37%
12/12/23,"41,487.00","41,256.10","42,070.90","40,691.50",57.04K,0.56%
12/11/23,"41,256.10","43,791.00","43,806.30","40,277.10",105.19K,-5.79%
12/10/23,"43,791.00","43,716.60","44,045.40","43,576.80",23.81K,0.17%
12/9/23,"43,718.40","44,175.50","44,361.20","43,617.40",31.67K,-1.03%
12/8/23,"44,175.50","43,288.30","44,697.60","43,108.40",58.44K,2.05%
12/7/23,"43,289.70","43,774.40","44,046.40","42,860.50",63.09K,-1.11%
12/6/23,"43,776.30","44,076.20","44,283.70","43,466.70",72.52K,-0.68%
12/5/23,"44,076.20","41,989.60","44,424.10","41,424.90",96.84K,4.97%
12/4/23,"41,987.80","39,968.60","42,394.40","39,968.60",104.21K,5.05%
12/3/23,"39,970.20","39,456.80","40,178.90","39,280.30",35.27K,1.30%
12/2/23,"39,458.40","38,688.20","39,673.40","38,646.50",37.09K,1.99%
12/1/23,"38,688.20","37,712.90","38,950.80","37,618.30",62.50K,2.59%
11/30/23,"37,712.90","37,857.60","38,144.40","37,509.20",33.53K,-0.38%
11/29/23,"37,855.50","37,823.30","38,362.90","37,607.60",49.34K,0.09%
11/28/23,"37,823.30","37,244.30","38,379.40","36,881.10",57.50K,1.54%
11/27/23,"37,248.60","37,451.80","37,563.30","36,751.50",45.24K,-0.54%
11/26/23,"37,451.80","37,786.40","37,819.10","37,166.30",29.20K,-0.89%
11/25/23,"37,787.00","37,718.60","37,887.40","37,599.90",16.09K,0.18%
11/24/23,"37,717.30","37,295.00","38,400.80","37,257.40",65.83K,1.14%
11/23/23,"37,293.10","37,410.80","37,642.50","36,915.30",32.35K,-0.31%
11/22/23,"37,410.80","35,797.50","37,862.50","35,695.60",64.81K,4.46%
11/21/23,"35,813.60","37,452.70","37,631.20","35,799.20",71.07K,-4.38%
11/20/23,"37,454.10","37,356.60","37,735.60","36,857.60",51.80K,0.27%
11/19/23,"37,354.20","36,568.60","37,504.60","36,393.30",26.14K,2.15%
11/18/23,"36,568.60","36,617.50","36,845.20","36,220.60",20.88K,-0.07%
11/17/23,"36,595.40","36,161.80","36,690.60","35,875.20",51.37K,1.20%
11/16/23,"36,161.20","37,873.90","37,907.60","35,561.60",66.92K,-4.52%
11/15/23,"37,874.90","35,549.30","37,954.10","35,379.60",75.51K,6.54%
11/14/23,"35,549.30","36,478.30","36,744.50","34,984.30",63.56K,-2.55%
11/13/23,"36,478.30","37,067.80","37,404.60","36,358.40",44.55K,-1.58%
11/12/23,"37,064.40","37,149.00","37,215.30","36,761.90",21.45K,-0.23%
11/11/23,"37,150.50","37,306.30","37,401.30","36,767.60",29.53K,-0.41%
11/10/23,"37,303.00","36,700.50","37,496.10","36,347.20",59.56K,1.64%
11/9/23,"36,700.50","35,636.90","37,942.00","35,578.10",115.56K,2.98%
11/8/23,"35,636.90","35,426.20","36,050.20","35,148.80",46.33K,0.60%
11/7/23,"35,426.10","35,042.10","35,877.90","34,536.90",53.49K,1.10%
11/6/23,"35,042.00","35,020.30","35,275.60","34,742.90",29.81K,0.06%
11/5/23,"35,019.40","35,065.80","35,360.20","34,550.00",31.02K,-0.13%
11/4/23,"35,065.80","34,718.60","35,242.20","34,601.10",23.80K,1.00%
11/3/23,"34,718.70","34,931.40","34,940.60","34,124.20",54.54K,-0.61%
11/2/23,"34,931.40","35,423.80","35,907.60","34,357.40",63.66K,-1.39%
11/1/23,"35,423.80","34,648.30","35,557.50","34,138.70",71.66K,2.23%
10/31/23,"34,650.60","34,478.90","34,704.60","34,053.90",43.40K,0.50%
10/30/23,"34,477.90","34,526.70","34,853.30","34,089.50",45.20K,-0.14%
10/29/23,"34,526.70","34,082.60","34,737.90","33,937.60",27.72K,1.30%
10/28/23,"34,082.60","33,901.60","34,387.80","33,867.30",22.00K,0.53%
10/27/23,"33,901.80","34,153.70","34,245.80","33,423.60",47.33K,-0.74%
10/26/23,"34,153.70","34,497.60","34,826.00","33,749.90",56.62K,-0.99%
10/25/23,"34,496.80","33,917.00","35,123.90","33,713.40",75.81K,1.71%
10/24/23,"33,917.00","33,037.30","35,191.40","32,866.50",159.08K,2.65%
10/23/23,"33,041.80","29,984.20","34,375.60","29,891.40",133.46K,10.20%
10/22/23,"29,984.20","29,912.70","30,193.40","29,713.60",29.07K,0.24%
10/21/23,"29,912.90","29,674.70","30,264.80","29,469.10",34.68K,0.80%
10/20/23,"29,674.50","28,724.00","30,165.90","28,586.10",82.68K,3.31%
10/19/23,"28,723.00","28,321.80","28,883.80","28,170.20",50.10K,1.42%
10/18/23,"28,321.70","28,405.20","28,876.00","28,169.00",45.01K,-0.29%
10/17/23,"28,403.60","28,508.30","28,608.50","28,096.90",53.42K,-0.37%
10/16/23,"28,509.70","27,161.20","29,969.50","27,119.70",119.18K,4.96%
10/15/23,"27,161.20","26,852.80","27,286.90","26,812.60",21.95K,1.15%
10/14/23,"26,852.80","26,863.50","26,975.70","26,805.10",13.56K,-0.04%
10/13/23,"26,863.50","26,761.10","27,114.80","26,682.90",33.66K,0.38%
10/12/23,"26,761.10","26,878.20","26,942.80","26,565.30",32.75K,-0.43%
10/11/23,"26,876.60","27,391.90","27,475.90","26,558.40",55.78K,-1.88%
10/10/23,"27,391.00","27,581.50","27,728.10","27,300.10",34.32K,-0.69%
10/9/23,"27,581.40","27,922.70","27,986.40","27,279.50",44.81K,-1.22%
10/8/23,"27,922.70","27,961.10","28,097.50","27,714.40",24.11K,-0.14%
10/7/23,"27,961.10","27,935.50","28,021.30","27,859.00",17.29K,0.09%
10/6/23,"27,936.90","27,410.30","28,223.60","27,195.70",52.51K,1.92%
10/5/23,"27,410.30","27,783.50","28,089.10","27,371.70",46.26K,-1.37%
10/4/23,"27,790.90","27,428.70","27,832.70","27,242.50",40.93K,1.32%
10/3/23,"27,428.40","27,501.60","27,670.80","27,194.10",44.06K,-0.28%
10/2/23,"27,505.30","27,974.60","28,556.60","27,325.20",84.30K,-1.68%
10/1/23,"27,974.50","26,962.50","28,038.40","26,955.70",35.11K,3.75%
9/30/23,"26,962.70","26,908.10","27,085.70","26,887.50",17.55K,0.20%
9/29/23,"26,909.80","27,022.60","27,229.50","26,728.80",42.24K,-0.42%
9/28/23,"27,022.60","26,368.20","27,283.60","26,339.40",64.56K,2.49%
9/27/23,"26,366.10","26,218.90","26,836.90","26,109.10",50.80K,0.56%
9/26/23,"26,218.90","26,303.10","26,396.20","26,093.40",26.41K,-0.32%
9/25/23,"26,302.70","26,251.60","26,423.60","26,013.60",38.20K,0.20%
9/24/23,"26,251.50","26,579.00","26,727.60","26,162.20",22.32K,-1.23%
9/23/23,"26,579.20","26,581.70","26,636.20","26,517.50",12.92K,-0.01%
9/22/23,"26,581.90","26,569.50","26,736.40","26,488.50",28.79K,0.04%
9/21/23,"26,570.00","27,125.20","27,155.60","26,382.30",47.81K,-2.05%
9/20/23,"27,125.00","27,209.20","27,378.60","26,851.80",47.23K,-0.31%
9/19/23,"27,209.20","26,759.00","27,480.70","26,672.20",52.17K,1.67%
9/18/23,"26,763.50","26,530.30","27,413.30","26,405.20",63.35K,0.88%
9/17/23,"26,529.10","26,562.00","26,614.40","26,408.70",16.57K,-0.12%
9/16/23,"26,562.00","26,599.90","26,769.00","26,463.50",18.45K,-0.15%
9/15/23,"26,601.00","26,523.30","26,837.40","26,233.10",36.47K,0.29%
9/14/23,"26,524.70","26,223.00","26,760.30","26,148.60",53.82K,1.15%
9/13/23,"26,223.00","25,836.10","26,382.30","25,766.90",42.58K,1.50%
9/12/23,"25,834.50","25,166.40","26,472.60","25,133.50",78.71K,2.65%
9/11/23,"25,166.40","25,840.20","25,897.40","24,923.10",56.32K,-2.61%
9/10/23,"25,840.20","25,901.10","25,995.10","25,626.70",23.60K,-0.24%
9/9/23,"25,901.10","25,909.50","25,938.50","25,814.30",13.48K,-0.03%
9/8/23,"25,909.50","26,248.50","26,415.40","25,701.60",41.01K,-1.30%
9/7/23,"26,249.80","25,758.00","26,417.70","25,626.50",39.77K,1.91%
9/6/23,"25,758.00","25,790.10","26,018.40","25,411.70",37.78K,-0.13%
9/5/23,"25,790.20","25,824.40","25,864.00","25,596.30",28.40K,-0.13%
9/4/23,"25,823.30","25,971.00","26,094.20","25,660.90",27.13K,-0.57%
9/3/23,"25,971.00","25,869.70","26,090.40","25,816.60",21.36K,0.39%
9/2/23,"25,869.70","25,803.50","25,977.40","25,752.70",21.24K,0.26%
9/1/23,"25,803.20","25,938.30","26,144.90","25,361.90",58.08K,-0.52%
8/31/23,"25,937.30","27,300.60","27,464.50","25,731.00",69.11K,-4.99%
8/30/23,"27,298.80","27,723.90","27,757.30","27,043.20",46.54K,-1.53%
8/29/23,"27,723.90","26,118.10","28,046.00","25,919.80",98.32K,6.14%
8/28/23,"26,118.90","26,100.60","26,215.70","25,891.00",28.84K,0.07%
8/27/23,"26,100.60","26,017.10","26,176.80","25,968.70",14.29K,0.32%
8/26/23,"26,017.10","26,057.20","26,114.10","25,993.50",12.09K,-0.15%
8/25/23,"26,057.20","26,176.10","26,265.70","25,811.60",39.96K,-0.46%
8/24/23,"26,177.00","26,436.20","26,560.50","25,943.60",41.04K,-0.98%
8/23/23,"26,436.20","26,042.00","26,807.70","25,812.60",60.96K,1.52%
8/22/23,"26,039.90","26,126.80","26,138.80","25,481.90",47.72K,-0.33%
8/21/23,"26,126.00","26,190.80","26,220.90","25,850.80",41.10K,-0.25%
8/20/23,"26,190.80","26,099.50","26,269.10","25,998.50",24.00K,0.35%
8/19/23,"26,099.40","26,053.30","26,262.20","25,799.50",33.04K,0.18%
8/18/23,"26,053.20","26,635.70","26,801.90","25,691.00",93.05K,-2.19%
8/17/23,"26,635.70","28,726.10","28,771.80","25,489.40",132.92K,-7.28%
8/16/23,"28,726.30","29,195.30","29,251.10","28,717.60",43.71K,-1.61%
8/15/23,"29,195.30","29,426.70","29,472.00","29,118.60",33.81K,-0.79%
8/14/23,"29,426.70","29,300.10","29,689.00","29,116.00",39.30K,0.43%
8/13/23,"29,300.10","29,428.20","29,468.50","29,272.30",13.49K,-0.44%
8/12/23,"29,428.20","29,420.80","29,480.80","29,375.40",11.07K,0.02%
8/11/23,"29,420.80","29,448.90","29,544.90","29,271.20",27.71K,-0.10%
8/10/23,"29,449.00","29,578.00","29,719.40","29,377.50",32.00K,-0.44%
8/9/23,"29,578.00","29,771.30","30,104.00","29,384.20",49.67K,-0.67%
8/8/23,"29,777.40","29,204.20","30,168.60","29,137.70",62.57K,1.96%
8/7/23,"29,204.20","29,081.30","29,270.20","28,721.00",41.19K,0.42%
8/6/23,"29,081.30","29,067.90","29,198.90","28,987.40",16.03K,0.05%
8/5/23,"29,068.10","29,105.60","29,139.30","28,983.00",14.55K,-0.13%
8/4/23,"29,105.50","29,189.10","29,319.10","28,875.80",31.43K,-0.29%
8/3/23,"29,189.30","29,180.90","29,409.80","28,981.00",36.08K,0.05%
8/2/23,"29,173.70","29,711.80","30,025.90","28,961.60",67.41K,-1.81%
8/1/23,"29,712.20","29,232.30","29,712.20","28,611.00",64.01K,1.64%
7/31/23,"29,232.40","29,282.00","29,502.30","29,128.30",31.84K,-0.17%
7/30/23,"29,281.70","29,354.20","29,446.60","29,054.50",20.58K,-0.24%
7/29/23,"29,353.50","29,315.00","29,400.10","29,256.90",13.90K,0.13%
7/28/23,"29,315.00","29,222.70","29,533.00","29,125.10",31.42K,0.32%
7/27/23,"29,222.70","29,352.90","29,568.80","29,094.00",30.42K,-0.44%
7/26/23,"29,352.20","29,228.80","29,681.80","29,109.70",44.33K,0.42%
7/25/23,"29,228.60","29,178.30","29,365.40","29,058.70",29.05K,0.17%
7/24/23,"29,178.10","30,085.90","30,098.20","28,890.70",55.73K,-3.02%
7/23/23,"30,085.90","29,788.90","30,337.00","29,735.70",23.32K,1.00%
7/22/23,"29,788.90","29,904.50","29,988.00","29,657.30",18.47K,-0.38%
7/21/23,"29,903.10","29,801.00","30,058.90","29,739.90",32.59K,0.34%
7/20/23,"29,801.00","29,909.70","30,408.00","29,621.40",50.33K,-0.36%
7/19/23,"29,909.70","29,866.70","30,185.50","29,789.30",34.96K,0.14%
7/18/23,"29,866.80","30,139.70","30,242.40","29,624.60",42.40K,-0.91%
7/17/23,"30,139.70","30,235.50","30,335.90","29,693.30",42.84K,-0.32%
7/16/23,"30,235.50","30,291.80","30,435.00","30,075.40",20.31K,-0.18%
7/15/23,"30,291.40","30,316.80","30,395.40","30,246.90",17.06K,-0.09%
7/14/23,"30,317.40","31,465.40","31,602.60","29,944.30",82.42K,-3.65%
7/13/23,"31,466.10","30,387.30","31,764.50","30,260.00",99.81K,3.55%
7/12/23,"30,387.30","30,623.30","30,951.30","30,231.70",54.06K,-0.77%
7/11/23,"30,623.30","30,414.20","30,782.20","30,333.80",39.84K,0.68%
7/10/23,"30,415.30","30,166.90","31,019.60","29,969.10",55.24K,0.82%
7/9/23,"30,166.90","30,288.80","30,425.50","30,071.90",20.05K,-0.40%
7/8/23,"30,288.80","30,346.80","30,379.90","30,055.90",17.41K,-0.19%
7/7/23,"30,346.40","29,912.70","30,442.00","29,757.40",46.42K,1.45%
7/6/23,"29,913.10","30,512.80","31,463.60","29,869.00",90.81K,-1.97%
7/5/23,"30,512.80","30,768.60","30,875.60","30,233.30",43.23K,-0.83%
7/4/23,"30,768.40","31,152.00","31,326.50","30,657.80",42.12K,-1.23%
7/3/23,"31,151.30","30,617.50","31,377.00","30,581.50",56.49K,1.74%
7/2/23,"30,617.70","30,587.10","30,769.00","30,227.90",28.82K,0.10%
7/1/23,"30,586.80","30,472.90","30,649.90","30,329.00",22.46K,0.37%
6/30/23,"30,472.90","30,445.70","31,275.50","29,714.50",118.65K,0.09%
6/29/23,"30,445.70","30,077.30","30,823.10","30,051.30",49.57K,1.22%
6/28/23,"30,078.60","30,691.90","30,703.40","29,919.50",51.06K,-1.99%
6/27/23,"30,689.10","30,267.00","30,993.70","30,231.30",55.82K,1.39%
6/26/23,"30,267.00","30,466.30","30,645.90","29,986.30",58.71K,-0.65%
6/25/23,"30,465.30","30,533.60","31,040.20","30,315.80",37.12K,-0.22%
6/24/23,"30,533.60","30,680.70","30,795.30","30,269.40",38.15K,-0.48%
6/23/23,"30,679.40","29,890.20","31,395.40","29,822.60",98.85K,2.64%
6/22/23,"29,890.50","29,992.80","30,497.80","29,590.40",79.22K,-0.35%
6/21/23,"29,996.90","28,307.70","30,769.50","28,270.50",143.49K,5.97%
6/20/23,"28,307.70","26,845.90","28,393.00","26,665.50",100.55K,5.44%
6/19/23,"26,845.90","26,339.70","27,029.70","26,295.10",46.45K,1.92%
6/18/23,"26,339.70","26,515.00","26,679.30","26,290.60",27.31K,-0.66%
6/17/23,"26,515.00","26,341.30","26,767.30","26,183.50",35.86K,0.66%
6/16/23,"26,341.30","25,591.90","26,472.80","25,276.00",69.24K,2.93%
6/15/23,"25,591.30","25,129.50","25,732.80","24,838.00",68.38K,1.84%
6/14/23,"25,129.50","25,929.00","26,051.70","24,847.40",60.82K,-3.08%
6/13/23,"25,929.40","25,906.90","26,428.90","25,726.40",56.24K,0.09%
6/12/23,"25,906.80","25,927.90","26,080.70","25,635.00",40.75K,-0.08%
6/11/23,"25,928.40","25,843.30","26,190.10","25,660.80",39.20K,0.33%
6/10/23,"25,844.00","26,479.30","26,525.10","25,468.30",83.57K,-2.40%
6/9/23,"26,479.30","26,501.10","26,773.90","26,326.70",38.96K,-0.08%
6/8/23,"26,501.10","26,341.80","26,784.40","26,231.30",39.95K,0.60%
6/7/23,"26,342.50","27,230.20","27,342.00","26,141.00",77.48K,-3.26%
6/6/23,"27,230.20","25,745.60","27,325.20","25,425.60",88.61K,5.76%
6/5/23,"25,747.40","27,122.30","27,125.50","25,437.50",85.42K,-5.07%
6/4/23,"27,122.30","27,070.90","27,410.20","26,956.10",23.81K,0.19%
6/3/23,"27,072.00","27,246.00","27,317.50","26,931.40",20.62K,-0.63%
6/2/23,"27,244.70","26,819.00","27,299.40","26,541.30",49.37K,1.59%
6/1/23,"26,819.00","27,216.40","27,340.90","26,662.30",51.98K,-1.46%
5/31/23,"27,216.10","27,696.90","27,825.00","26,865.10",63.08K,-1.74%
5/30/23,"27,698.20","27,738.90","28,033.60","27,583.80",45.19K,-0.15%
5/29/23,"27,739.40","28,068.40","28,431.20","27,548.80",54.56K,-1.18%
5/28/23,"28,071.20","26,855.30","28,181.90","26,788.50",55.23K,4.52%
5/27/23,"26,857.50","26,711.20","26,882.90","26,591.20",18.68K,0.55%
5/26/23,"26,711.50","26,475.50","26,911.60","26,330.00",45.88K,0.89%
5/25/23,"26,475.80","26,327.10","26,589.20","25,892.50",50.17K,0.56%
5/24/23,"26,328.40","27,220.70","27,220.70","26,088.70",72.65K,-3.28%
5/23/23,"27,220.70","26,851.60","27,448.10","26,804.10",50.89K,1.39%
5/22/23,"26,847.30","26,749.90","27,048.90","26,546.10",35.56K,0.36%
5/21/23,"26,749.90","27,116.20","27,257.10","26,677.60",27.42K,-1.35%
5/20/23,"27,116.20","26,883.00","27,147.20","26,831.30",17.72K,0.87%
5/19/23,"26,882.90","26,828.20","27,154.70","26,711.30",36.67K,0.20%
5/18/23,"26,828.00","27,403.80","27,467.00","26,449.80",63.39K,-2.10%
5/17/23,"27,403.10","27,035.50","27,465.30","26,597.70",58.14K,1.36%
5/16/23,"27,035.30","27,183.90","27,295.30","26,881.90",45.29K,-0.55%
5/15/23,"27,183.90","26,920.40","27,651.70","26,752.10",53.27K,0.98%
5/14/23,"26,920.00","26,777.40","27,176.10","26,609.90",26.35K,0.53%
5/13/23,"26,777.50","26,798.70","27,011.90","26,695.60",27.95K,-0.08%
5/12/23,"26,799.20","26,983.10","27,044.00","25,853.10",87.49K,-0.68%
5/11/23,"26,983.50","27,604.30","27,607.40","26,766.20",62.85K,-2.25%
5/10/23,"27,603.30","27,634.30","28,311.70","26,885.70",91.45K,-0.11%
5/9/23,"27,634.90","27,670.50","27,816.00","27,366.30",49.75K,-0.13%
5/8/23,"27,670.50","28,424.80","28,627.80","27,280.30",85.72K,-2.65%
5/7/23,"28,424.80","28,857.10","29,122.00","28,419.60",36.50K,-1.50%
5/6/23,"28,857.10","29,512.80","29,816.40","28,414.90",58.94K,-2.22%
5/5/23,"29,513.20","28,842.20","29,653.90","28,825.30",74.52K,2.33%
5/4/23,"28,842.10","29,023.60","29,352.70","28,687.40",53.80K,-0.63%
5/3/23,"29,023.60","28,669.10","29,244.70","28,164.40",81.22K,1.24%
5/2/23,"28,669.10","28,079.00","28,877.40","27,913.20",65.33K,2.11%
5/1/23,"28,077.60","29,252.10","29,329.60","27,685.90",84.36K,-4.02%
4/30/23,"29,252.10","29,235.10","29,941.30","29,095.00",47.62K,0.06%
4/29/23,"29,234.10","29,318.40","29,425.50","29,058.50",25.72K,-0.30%
4/28/23,"29,321.80","29,475.90","29,587.20","28,927.80",69.88K,-0.52%
4/27/23,"29,475.90","28,424.50","29,859.80","28,392.40",121.63K,3.70%
4/26/23,"28,424.60","28,298.80","29,995.70","27,307.80",164.31K,0.44%
4/25/23,"28,298.80","27,510.10","28,375.60","27,201.10",65.31K,2.87%
4/24/23,"27,509.30","27,591.40","27,978.80","27,054.30",66.74K,-0.30%
4/23/23,"27,591.40","27,813.80","27,815.00","27,388.50",41.77K,-0.80%
4/22/23,"27,813.90","27,264.80","27,872.00","27,165.70",44.30K,2.01%
4/21/23,"27,264.80","28,240.50","28,353.40","27,171.10",98.72K,-3.46%
4/20/23,"28,240.50","28,813.70","29,082.10","28,032.40",95.45K,-1.99%
4/19/23,"28,813.70","30,382.20","30,408.40","28,641.10",111.27K,-5.16%
4/18/23,"30,382.20","29,434.10","30,470.10","29,149.20",76.58K,3.22%
4/17/23,"29,434.90","30,310.80","30,312.20","29,274.00",71.90K,-2.89%
4/16/23,"30,310.30","30,299.20","30,545.30","30,134.60",34.48K,0.04%
4/15/23,"30,299.60","30,472.60","30,586.50","30,208.80",31.71K,-0.57%
4/14/23,"30,472.50","30,387.40","30,964.90","30,026.00",98.38K,0.28%
4/13/23,"30,387.40","29,892.40","30,524.10","29,864.50",65.87K,1.68%
4/12/23,"29,886.40","30,209.80","30,473.00","29,679.50",78.69K,-1.07%
4/11/23,"30,209.60","29,641.00","30,484.60","29,597.80",89.38K,1.92%
4/10/23,"29,641.00","28,326.50","29,755.40","28,182.90",85.73K,4.64%
4/9/23,"28,326.60","27,941.20","28,522.70","27,809.20",39.35K,1.38%
4/8/23,"27,941.20","27,910.40","28,153.10","27,863.80",23.73K,0.11%
4/7/23,"27,910.40","28,037.60","28,102.50","27,779.40",30.94K,-0.45%
4/6/23,"28,036.70","28,173.50","28,173.50","27,734.50",51.29K,-0.49%
4/5/23,"28,173.50","28,164.40","28,744.40","27,823.50",77.32K,0.03%
4/4/23,"28,164.40","27,802.20","28,429.10","27,668.90",64.06K,1.30%
4/3/23,"27,802.10","28,194.70","28,458.40","27,256.90",98.00K,-1.41%
4/2/23,"28,198.30","28,456.10","28,522.80","27,871.70",45.04K,-0.91%
4/1/23,"28,456.10","28,473.70","28,795.10","28,285.60",38.09K,-0.06%
3/31/23,"28,473.70","28,029.30","28,646.30","27,587.50",98.44K,1.58%
3/30/23,"28,029.50","28,350.30","29,160.40","27,716.70",122.51K,-1.13%
3/29/23,"28,350.40","27,262.90","28,627.40","27,249.80",109.32K,3.99%
3/28/23,"27,262.20","27,127.80","27,465.00","26,665.60",94.16K,0.49%
3/27/23,"27,129.80","27,974.80","28,023.30","26,611.50",107.24K,-3.02%
3/26/23,"27,973.50","27,474.90","28,153.70","27,429.10",60.64K,1.81%
3/25/23,"27,475.60","27,462.20","27,761.90","27,176.70",61.36K,0.05%
3/24/23,"27,462.20","28,306.90","28,374.50","27,026.50",110.36K,-3.00%
3/23/23,"28,310.70","27,262.80","28,734.10","27,144.60",158.46K,3.85%
3/22/23,"27,261.70","28,114.20","28,760.30","26,668.70",262.03K,-3.03%
3/21/23,"28,114.00","27,719.80","28,437.80","27,350.60",438.78K,1.42%
3/20/23,"27,720.50","27,958.90","28,457.80","27,157.00",503.90K,-0.85%
3/19/23,"27,958.70","26,914.50","28,347.30","26,844.60",393.27K,3.88%
3/18/23,"26,914.50","27,391.90","27,659.10","26,688.70",392.47K,-1.74%
3/17/23,"27,391.80","25,004.40","27,742.20","24,900.10",674.96K,9.55%
3/16/23,"25,004.10","24,283.20","25,139.00","24,147.90",462.58K,2.97%
3/15/23,"24,282.70","24,699.60","25,108.90","23,932.40",614.31K,-1.69%
3/14/23,"24,699.70","24,121.50","26,365.90","23,994.60",753.06K,2.43%
3/13/23,"24,114.40","21,994.80","24,406.20","21,859.60",733.63K,9.64%
3/12/23,"21,994.80","20,465.00","22,028.60","20,294.20",455.69K,7.46%
3/11/23,"20,467.50","20,156.50","20,669.50","19,796.70",453.46K,1.54%
3/10/23,"20,156.70","20,362.00","20,362.60","19,591.80",655.27K,-1.01%
3/9/23,"20,361.80","21,710.80","21,826.50","20,079.60",468.76K,-6.21%
3/8/23,"21,710.80","22,197.80","22,274.30","21,661.30",316.51K,-2.19%
3/7/23,"22,197.80","22,410.10","22,535.10","21,968.60",304.75K,-0.95%
3/6/23,"22,410.00","22,428.20","22,595.40","22,320.10",215.31K,-0.08%
3/5/23,"22,428.30","22,347.10","22,636.70","22,213.50",160.57K,0.36%
3/4/23,"22,347.10","22,354.70","22,403.70","22,167.40",123.93K,-0.03%
3/3/23,"22,354.40","23,465.60","23,473.40","22,051.90",344.63K,-4.73%
3/2/23,"23,465.40","23,642.20","23,780.50","23,208.70",249.26K,-0.75%
3/1/23,"23,642.20","23,130.60","23,914.10","23,025.30",328.77K,2.21%
2/28/23,"23,130.50","23,494.00","23,595.00","23,033.80",275.10K,-1.55%
2/27/23,"23,494.10","23,558.70","23,876.20","23,166.80",297.65K,-0.27%
2/26/23,"23,558.70","23,166.10","23,671.80","23,066.00",209.12K,1.69%
2/25/23,"23,166.10","23,191.30","23,215.30","22,777.40",198.35K,-0.11%
2/24/23,"23,191.50","23,936.40","24,123.40","22,970.30",367.99K,-3.11%
2/23/23,"23,936.30","24,186.60","24,590.40","23,637.90",417.46K,-1.03%
2/22/23,"24,186.60","24,450.70","24,474.30","23,593.40",400.24K,-1.08%
2/21/23,"24,450.70","24,839.50","25,236.80","24,160.80",395.97K,-1.57%
2/20/23,"24,839.50","24,302.80","25,085.40","23,868.60",363.02K,2.21%
2/19/23,"24,302.90","24,631.30","25,175.20","24,273.70",312.64K,-1.33%
2/18/23,"24,631.40","24,573.50","24,838.90","24,457.00",223.77K,0.24%
2/17/23,"24,573.50","23,538.20","24,984.70","23,373.00",523.85K,4.39%
2/16/23,"23,539.60","24,328.10","25,233.80","23,525.90",484.50K,-3.24%
2/15/23,"24,327.90","22,198.50","24,330.90","22,050.80",401.53K,9.59%
2/14/23,"22,198.50","21,776.90","22,308.60","21,556.20",378.39K,1.96%
2/13/23,"21,772.60","21,782.70","21,887.50","21,418.70",312.04K,-0.07%
2/12/23,"21,786.80","21,859.90","22,080.70","21,653.10",211.65K,-0.33%
2/11/23,"21,859.80","21,627.40","21,902.90","21,605.30",182.07K,1.04%
2/10/23,"21,635.00","21,792.50","21,933.60","21,491.70",352.79K,-0.72%
2/9/23,"21,792.50","22,964.60","23,003.60","21,744.60",425.44K,-5.10%
2/8/23,"22,964.60","23,251.70","23,425.10","22,691.70",289.12K,-1.23%
2/7/23,"23,251.70","22,761.80","23,338.80","22,748.20",318.98K,2.15%
2/6/23,"22,761.80","22,936.00","23,130.60","22,633.70",278.58K,-0.76%
2/5/23,"22,936.00","23,326.90","23,423.40","22,766.50",217.26K,-1.66%
2/4/23,"23,323.80","23,431.20","23,571.80","23,269.80",170.27K,-0.46%
2/3/23,"23,431.20","23,429.10","23,694.10","23,233.80",349.36K,0.02%
2/2/23,"23,427.60","23,726.20","24,207.20","23,398.10",382.86K,-1.26%
2/1/23,"23,725.60","23,124.70","23,784.50","22,809.60",333.18K,2.60%
1/31/23,"23,125.10","22,832.20","23,262.90","22,724.90",289.38K,1.28%
1/30/23,"22,832.20","23,746.00","23,794.00","22,560.00",339.62K,-3.88%
1/29/23,"23,753.10","23,023.50","23,952.90","22,973.30",320.86K,3.15%
1/28/23,"23,027.90","23,074.60","23,182.30","22,889.80",156.96K,-0.20%
1/27/23,"23,074.60","23,016.00","23,480.30","22,602.90",310.36K,0.25%
1/26/23,"23,016.00","23,055.20","23,259.50","22,869.00",320.97K,-0.17%
1/25/23,"23,055.10","22,632.50","23,779.00","22,366.30",388.18K,1.87%
1/24/23,"22,632.50","22,916.30","23,156.10","22,517.10",334.17K,-1.23%
1/23/23,"22,915.50","22,709.00","23,161.80","22,527.90",327.85K,0.91%
1/22/23,"22,707.80","22,775.70","23,068.70","22,323.00",280.64K,-0.30%
1/21/23,"22,775.70","22,677.50","23,304.50","22,461.10",382.69K,0.43%
1/20/23,"22,677.20","21,074.90","22,718.50","20,879.30",373.74K,7.57%
1/19/23,"21,081.20","20,670.60","21,169.40","20,669.70",275.76K,1.99%
1/18/23,"20,670.60","21,137.10","21,584.10","20,448.30",388.67K,-2.21%
1/17/23,"21,137.10","21,184.40","21,506.40","20,926.20",310.04K,-0.22%
1/16/23,"21,184.20","20,880.10","21,416.80","20,698.90",337.46K,1.46%
1/15/23,"20,879.80","20,956.00","21,032.20","20,585.70",205.80K,-0.37%
1/14/23,"20,958.20","19,926.90","21,185.60","19,898.60",458.21K,5.17%
1/13/23,"19,927.00","18,850.80","19,981.60","18,723.80",426.67K,5.71%
1/12/23,"18,851.30","17,941.00","19,055.30","17,915.50",522.01K,5.07%
1/11/23,"17,942.30","17,440.50","17,989.80","17,323.90",291.53K,2.89%
1/10/23,"17,439.10","17,180.10","17,491.00","17,151.70",247.14K,1.51%
1/9/23,"17,180.10","17,119.00","17,390.80","17,107.10",301.24K,0.36%
1/8/23,"17,119.00","16,943.60","17,119.00","16,913.80",144.84K,1.04%
1/7/23,"16,943.60","16,950.90","16,979.60","16,909.70",110.48K,-0.04%
1/6/23,"16,950.90","16,829.80","17,012.30","16,707.60",233.47K,0.72%
1/5/23,"16,829.80","16,852.20","16,877.90","16,772.30",178.96K,-0.13%
1/4/23,"16,852.10","16,674.20","16,976.50","16,656.50",247.39K,1.07%
1/3/23,"16,674.20","16,673.10","16,773.20","16,607.20",178.73K,0.00%
1/2/23,"16,674.30","16,618.40","16,766.90","16,551.00",136.03K,0.34%
1/1/23,"16,618.40","16,537.50","16,621.90","16,499.70",107.84K,0.49%
12/31/22,"16,537.40","16,607.20","16,635.90","16,487.30",130.44K,-0.42%
12/30/22,"16,607.20","16,636.40","16,644.40","16,360.00",192.76K,-0.18%
12/29/22,"16,636.40","16,546.20","16,659.10","16,496.60",181.47K,0.55%
12/28/22,"16,546.20","16,705.90","16,781.10","16,474.20",217.96K,-0.96%
12/27/22,"16,706.10","16,918.20","16,964.00","16,610.10",192.18K,-1.25%
12/26/22,"16,918.10","16,831.80","16,936.10","16,799.40",133.36K,0.51%
12/25/22,"16,831.80","16,835.70","16,852.90","16,733.00",132.89K,-0.03%
12/24/22,"16,837.20","16,778.60","16,855.80","16,777.80",110.12K,0.35%
12/23/22,"16,779.10","16,820.50","16,910.70","16,768.00",184.12K,-0.25%
12/22/22,"16,820.60","16,831.80","16,862.20","16,566.10",198.28K,-0.07%
12/21/22,"16,831.80","16,902.70","16,919.40","16,735.00",174.34K,-0.42%
12/20/22,"16,902.80","16,441.30","17,031.30","16,400.70",284.57K,2.81%
12/19/22,"16,441.30","16,741.10","16,809.50","16,331.20",207.93K,-1.79%
12/18/22,"16,741.10","16,777.00","16,825.70","16,666.50",124.29K,-0.21%
12/17/22,"16,777.10","16,629.00","16,794.40","16,587.00",164.49K,0.89%
12/16/22,"16,629.60","17,356.70","17,518.50","16,542.40",303.56K,-4.19%
12/15/22,"17,356.10","17,796.40","17,846.10","17,298.20",263.44K,-2.47%
12/14/22,"17,796.40","17,778.60","18,351.80","17,682.10",318.98K,0.10%
12/13/22,"17,778.60","17,210.90","17,951.60","17,094.50",328.71K,3.30%
12/12/22,"17,210.40","17,093.20","17,232.50","16,878.50",249.39K,0.68%
12/11/22,"17,093.30","17,127.00","17,262.90","17,080.60",167.20K,-0.20%
12/10/22,"17,127.20","17,125.70","17,220.50","17,105.70",148.81K,0.01%
12/9/22,"17,125.70","17,225.60","17,288.60","17,082.10",260.84K,-0.58%
12/8/22,"17,225.70","16,835.20","17,294.20","16,765.80",261.64K,2.32%
12/7/22,"16,835.20","17,089.40","17,126.70","16,715.30",244.36K,-1.49%
12/6/22,"17,089.30","16,966.30","17,101.10","16,914.90",246.19K,0.72%
12/5/22,"16,966.50","17,106.90","17,395.20","16,886.90",268.72K,-0.85%
12/4/22,"17,112.60","16,884.80","17,198.10","16,881.60",197.12K,1.35%
12/3/22,"16,884.50","17,093.40","17,132.60","16,862.10",169.29K,-1.22%
12/2/22,"17,093.60","16,972.20","17,096.20","16,799.90",227.01K,0.72%
12/1/22,"16,972.00","17,163.40","17,244.70","16,868.90",266.14K,-1.12%
11/30/22,"17,163.90","16,440.80","17,215.50","16,433.20",348.22K,4.40%
11/29/22,"16,440.40","16,211.90","16,531.40","16,100.10",271.58K,1.41%
11/28/22,"16,211.70","16,426.10","16,481.40","16,013.50",284.84K,-1.30%
11/27/22,"16,425.60","16,456.40","16,595.40","16,414.60",173.25K,-0.19%
11/26/22,"16,456.50","16,512.30","16,686.30","16,387.90",194.94K,-0.34%
11/25/22,"16,512.30","16,600.60","16,611.80","16,360.90",204.07K,-0.54%
11/24/22,"16,601.20","16,604.90","16,785.60","16,472.00",229.59K,-0.14%
11/23/22,"16,623.90","16,216.90","16,677.60","16,162.30",305.08K,2.53%
11/22/22,"16,212.90","15,776.60","16,274.60","15,620.40",287.21K,2.77%
11/21/22,"15,776.20","16,278.60","16,287.90","15,504.20",372.15K,-3.13%
11/20/22,"16,286.70","16,699.30","16,749.30","16,209.20",172.83K,-2.47%
11/19/22,"16,699.20","16,652.20","16,814.90","16,608.90",114.89K,0.37%
11/18/22,"16,638.30","16,715.40","16,846.30","16,553.00",241.96K,-0.32%
11/17/22,"16,691.20","16,540.50","16,739.70","16,425.80",257.00K,0.91%
11/16/22,"16,540.50","16,895.40","16,993.40","16,408.20",295.73K,-2.10%
11/15/22,"16,895.10","16,615.00","17,112.00","16,543.90",337.15K,1.69%
11/14/22,"16,613.70","16,325.00","17,158.40","15,834.00",442.46K,1.77%
11/13/22,"16,324.50","16,803.90","16,946.50","16,274.90",210.80K,-2.80%
11/12/22,"16,795.20","17,049.90","17,100.80","16,633.90",192.91K,-1.49%
11/11/22,"17,049.90","17,589.10","17,679.40","16,435.50",466.35K,-3.07%
11/10/22,"17,589.10","15,887.00","18,138.20","15,799.30",720.74K,10.71%
11/9/22,"15,886.90","18,538.90","18,583.80","15,603.30",869.57K,-14.25%
11/8/22,"18,527.40","20,589.00","20,667.50","17,260.00",865.10K,-10.01%
11/7/22,"20,589.00","20,916.30","21,055.40","20,410.50",414.24K,-1.56%
11/6/22,"20,916.30","21,298.70","21,360.40","20,901.00",242.26K,-1.81%
11/5/22,"21,301.60","21,145.70","21,464.70","21,084.10",261.23K,0.74%
11/4/22,"21,145.90","20,206.40","21,281.90","20,184.60",499.50K,4.65%
11/3/22,"20,206.40","20,154.00","20,384.50","20,066.60",347.23K,0.26%
11/2/22,"20,154.40","20,482.90","20,778.30","20,065.80",420.23K,-1.61%
11/1/22,"20,483.50","20,496.10","20,676.60","20,348.10",302.72K,-0.06%
10/31/22,"20,496.30","20,626.00","20,822.40","20,260.00",327.47K,-0.63%
10/30/22,"20,626.30","20,809.40","20,922.30","20,522.50",207.63K,-0.88%
10/29/22,"20,809.80","20,594.20","21,038.10","20,561.90",276.54K,1.05%
10/28/22,"20,594.40","20,293.00","20,744.00","20,058.20",318.90K,1.49%
10/27/22,"20,292.90","20,769.50","20,867.90","20,231.60",365.49K,-2.29%
10/26/22,"20,769.50","20,086.80","20,981.50","20,062.90",427.99K,3.42%
10/25/22,"20,082.70","19,331.80","20,406.90","19,249.00",371.54K,3.89%
10/24/22,"19,331.50","19,571.20","19,588.60","19,177.20",286.94K,-1.22%
10/23/22,"19,571.20","19,204.80","19,680.90","19,092.50",180.63K,1.91%
10/22/22,"19,204.80","19,162.60","19,249.90","19,116.10",118.24K,0.22%
10/21/22,"19,162.60","19,042.90","19,245.50","18,703.30",294.66K,0.63%
10/20/22,"19,042.90","19,125.10","19,334.50","18,935.60",253.20K,-0.42%
10/19/22,"19,123.90","19,328.20","19,358.60","19,101.20",209.28K,-1.06%
10/18/22,"19,328.20","19,548.40","19,692.90","19,102.80",290.07K,-1.13%
10/17/22,"19,548.20","19,262.20","19,663.50","19,163.60",248.40K,1.49%
10/16/22,"19,261.90","19,068.80","19,411.90","19,066.00",140.95K,1.01%
10/15/22,"19,068.70","19,181.70","19,218.70","19,000.80",123.66K,-0.59%
10/14/22,"19,181.80","19,379.80","19,933.90","19,098.60",400.45K,-1.02%
10/13/22,"19,379.80","19,154.60","19,494.40","18,207.90",455.13K,1.17%
10/12/22,"19,154.80","19,058.50","19,212.60","19,010.60",242.18K,0.50%
10/11/22,"19,059.10","19,134.30","19,261.30","18,868.70",288.57K,-0.39%
10/10/22,"19,134.60","19,441.70","19,520.70","19,057.00",243.77K,-1.58%
10/9/22,"19,441.00","19,416.30","19,552.10","19,329.60",127.53K,0.13%
10/8/22,"19,415.00","19,530.20","19,612.20","19,274.70",113.50K,-0.60%
10/7/22,"19,531.30","19,962.40","20,051.40","19,352.10",263.50K,-2.13%
10/6/22,"19,956.70","20,157.50","20,436.70","19,873.70",370.60K,-1.00%
10/5/22,"20,157.50","20,340.50","20,353.80","19,761.70",352.76K,-0.90%
10/4/22,"20,340.20","19,629.70","20,436.10","19,506.40",368.17K,3.63%
10/3/22,"19,628.30","19,057.60","19,676.00","19,001.30",333.03K,3.02%
10/2/22,"19,052.20","19,311.90","19,389.90","18,937.30",222.82K,-1.34%
10/1/22,"19,311.90","19,422.90","19,480.30","19,172.60",173.91K,-0.57%
9/30/22,"19,423.00","19,593.40","20,174.90","19,208.90",490.29K,-0.87%
9/29/22,"19,593.00","19,420.20","19,631.50","18,877.90",449.57K,0.94%
9/28/22,"19,411.00","19,083.40","19,757.80","18,505.30",581.19K,1.73%
9/27/22,"19,081.00","19,228.80","20,361.20","18,850.40",660.12K,-0.75%
9/26/22,"19,225.70","18,803.10","19,304.80","18,695.20",516.03K,2.25%
9/25/22,"18,803.20","18,925.10","19,125.10","18,659.60",209.71K,-0.64%
9/24/22,"18,925.20","19,288.40","19,310.60","18,812.00",258.50K,-1.91%
9/23/22,"19,293.50","19,404.10","19,477.30","18,554.80",431.15K,-0.57%
9/22/22,"19,404.00","18,488.10","19,490.90","18,371.00",448.63K,4.95%
9/21/22,"18,489.00","18,875.10","19,758.40","18,191.80",446.85K,-2.03%
9/20/22,"18,872.40","19,538.90","19,626.30","18,742.60",361.18K,-3.41%
9/19/22,"19,538.90","19,417.40","19,666.60","18,277.80",423.43K,0.62%
9/18/22,"19,418.80","20,113.90","20,113.90","19,347.70",273.11K,-3.45%
9/17/22,"20,113.50","19,802.80","20,178.60","19,761.00",204.58K,1.57%
9/16/22,"19,802.40","19,701.90","19,883.00","19,352.90",315.59K,0.51%
9/15/22,"19,701.70","20,222.30","20,321.40","19,532.30",358.42K,-2.58%
9/14/22,"20,222.50","20,175.50","20,503.70","19,654.20",374.22K,0.23%
9/13/22,"20,175.50","22,395.30","22,702.50","19,909.60",485.32K,-9.91%
9/12/22,"22,395.30","21,836.60","22,465.40","21,581.60",431.98K,2.57%
9/11/22,"21,834.90","21,650.40","21,836.40","21,363.00",297.12K,0.85%
9/10/22,"21,650.40","21,363.80","21,790.60","21,139.90",331.12K,1.33%
9/9/22,"21,365.20","19,318.80","21,545.70","19,294.10",480.37K,10.60%
9/8/22,"19,317.40","19,281.50","19,444.70","19,034.50",291.43K,0.19%
9/7/22,"19,281.50","18,786.30","19,445.90","18,548.40",319.10K,2.64%
9/6/22,"18,786.40","19,793.40","20,169.30","18,723.30",402.43K,-5.09%
9/5/22,"19,793.10","19,999.90","20,042.90","19,650.70",238.71K,-1.03%
9/4/22,"19,999.90","19,832.20","20,017.80","19,594.70",158.27K,0.85%
9/3/22,"19,831.40","19,952.80","20,043.80","19,660.70",157.85K,-0.61%
9/2/22,"19,952.70","20,131.60","20,428.20","19,764.70",272.22K,-0.86%
9/1/22,"20,126.10","20,049.90","20,202.70","19,584.40",275.08K,0.41%
8/31/22,"20,043.90","19,793.40","20,469.10","19,793.40",318.17K,1.27%
8/30/22,"19,792.60","20,295.60","20,558.20","19,559.70",308.41K,-2.48%
8/29/22,"20,295.80","19,551.30","20,394.50","19,551.20",248.04K,3.81%
8/28/22,"19,550.20","20,034.20","20,150.80","19,542.90",159.60K,-2.41%
8/27/22,"20,033.90","20,249.90","20,343.60","19,849.80",187.34K,-1.07%
8/26/22,"20,249.90","21,564.20","21,815.30","20,122.40",322.16K,-6.10%
8/25/22,"21,565.40","21,365.40","21,801.20","21,324.80",190.15K,0.94%
8/24/22,"21,365.20","21,516.20","21,832.30","21,171.10",202.40K,-0.71%
8/23/22,"21,517.20","21,416.50","21,661.00","20,919.60",228.65K,0.47%
8/22/22,"21,416.30","21,516.80","21,517.40","20,912.10",251.83K,-0.47%
8/21/22,"21,517.20","21,138.90","21,692.40","21,077.40",177.52K,1.79%
8/20/22,"21,138.90","20,830.70","21,357.40","20,784.80",206.94K,1.48%
8/19/22,"20,831.30","23,201.60","23,202.30","20,807.80",339.47K,-10.22%
8/18/22,"23,203.60","23,337.70","23,578.00","23,131.30",160.97K,-0.58%
8/17/22,"23,338.00","23,855.80","24,423.50","23,191.60",239.53K,-2.17%
8/16/22,"23,856.80","24,102.60","24,240.80","23,693.80",201.70K,-1.02%
8/15/22,"24,101.70","24,303.30","25,205.70","23,784.50",279.28K,-0.83%
8/14/22,"24,302.80","24,442.10","24,997.30","24,172.20",177.25K,-0.57%
8/13/22,"24,442.50","24,398.90","24,882.90","24,318.70",170.59K,0.18%
8/12/22,"24,398.70","23,935.30","24,440.80","23,616.40",194.96K,1.94%
8/11/22,"23,935.30","23,963.30","24,873.50","23,864.00",285.36K,-0.12%
8/10/22,"23,962.90","23,150.30","24,209.90","22,714.70",243.61K,3.53%
8/9/22,"23,146.70","23,818.10","23,912.00","22,886.50",169.62K,-2.81%
8/8/22,"23,816.30","23,175.30","24,234.10","23,160.60",197.94K,2.77%
8/7/22,"23,175.30","22,944.20","23,387.70","22,852.30",99.36K,1.01%
8/6/22,"22,944.20","23,308.20","23,344.40","22,923.60",94.44K,-1.56%
8/5/22,"23,308.20","22,613.30","23,447.60","22,593.50",208.90K,3.08%
8/4/22,"22,612.10","22,822.20","23,214.50","22,438.70",181.19K,-0.91%
8/3/22,"22,820.80","22,988.70","23,623.70","22,698.60",174.66K,-0.73%
8/2/22,"22,988.60","23,271.10","23,423.30","22,670.80",177.30K,-1.21%
8/1/22,"23,271.20","23,303.40","23,484.40","22,863.80",162.33K,-0.14%
7/31/22,"23,303.40","23,634.20","24,179.30","23,236.20",138.84K,-1.40%
7/30/22,"23,634.20","23,774.20","24,605.30","23,521.80",168.72K,-0.59%
7/29/22,"23,774.30","23,850.20","24,340.00","23,451.40",221.66K,-0.32%
7/28/22,"23,850.00","22,957.70","24,190.50","22,611.60",268.32K,3.88%
7/27/22,"22,958.30","21,248.00","23,027.80","21,047.50",242.66K,8.05%
7/26/22,"21,248.70","21,301.60","21,322.30","20,737.30",201.57K,-0.25%
7/25/22,"21,301.90","22,582.30","22,653.30","21,275.40",206.93K,-5.67%
7/24/22,"22,582.10","22,449.80","22,987.90","22,281.30",126.66K,0.54%
7/23/22,"22,460.40","22,683.60","22,991.00","21,971.70",137.42K,-0.95%
7/22/22,"22,675.20","23,150.00","23,741.40","22,524.20",197.54K,-2.06%
7/21/22,"23,153.00","23,219.90","23,403.80","22,360.20",217.08K,-0.27%
7/20/22,"23,215.20","23,412.00","24,258.00","22,944.40",281.31K,-0.83%
7/19/22,"23,410.20","22,529.30","23,757.30","21,581.80",308.91K,3.93%
7/18/22,"22,525.80","20,785.60","22,714.90","20,770.60",279.72K,8.37%
7/17/22,"20,785.60","21,209.80","21,654.40","20,755.20",132.81K,-2.00%
7/16/22,"21,209.90","20,825.20","21,561.30","20,484.40",136.89K,1.85%
7/15/22,"20,825.10","20,586.10","21,178.10","20,393.40",164.67K,1.16%
7/14/22,"20,586.00","20,250.00","20,862.20","19,664.90",205.28K,1.66%
7/13/22,"20,250.00","19,331.60","20,250.80","18,942.20",249.38K,4.75%
7/12/22,"19,330.90","19,963.20","20,051.70","19,279.60",167.91K,-3.17%
7/11/22,"19,963.20","20,847.20","20,855.00","19,897.00",160.20K,-4.24%
7/10/22,"20,847.40","21,587.40","21,599.20","20,689.70",204.68K,-3.43%
7/9/22,"21,587.50","21,610.40","21,944.10","21,338.40",190.11K,-0.11%
7/8/22,"21,611.20","21,637.10","22,482.10","21,207.00",439.90K,-0.12%
7/7/22,"21,637.80","20,557.90","21,817.80","20,282.70",115.81K,5.24%
7/6/22,"20,561.10","20,180.40","20,654.90","19,785.30",105.24K,1.78%
7/5/22,"20,200.60","20,215.80","20,706.90","19,315.40",122.43K,-0.08%
7/4/22,"20,215.80","19,310.60","20,303.80","19,052.50",92.79K,4.69%
7/3/22,"19,309.90","19,243.40","19,626.40","18,794.40",65.27K,0.35%
7/2/22,"19,243.20","19,275.40","19,425.40","19,006.40",58.57K,-0.10%
7/1/22,"19,262.90","19,926.60","20,785.60","18,980.10",150.18K,-3.33%
6/30/22,"19,926.60","20,111.30","20,155.10","18,682.70",127.73K,-0.92%
6/29/22,"20,111.30","20,278.00","20,415.80","19,880.70",98.97K,-0.82%
6/28/22,"20,278.00","20,727.90","21,200.20","20,210.50",83.83K,-2.18%
6/27/22,"20,730.20","21,037.70","21,497.50","20,568.00",84.69K,-1.49%
6/26/22,"21,043.50","21,489.90","21,837.40","20,989.70",67.21K,-2.08%
6/25/22,"21,489.90","21,226.90","21,553.40","20,917.50",66.63K,1.24%
6/24/22,"21,226.90","21,100.90","21,488.70","20,743.90",104.56K,0.60%
6/23/22,"21,100.70","19,967.30","21,189.80","19,907.50",110.70K,5.68%
6/22/22,"19,965.80","20,720.20","20,864.30","19,780.20",125.94K,-3.64%
6/21/22,"20,720.40","20,571.60","21,689.30","20,371.70",136.32K,0.72%
6/20/22,"20,572.30","20,576.90","20,996.80","19,658.80",140.60K,-0.02%
6/19/22,"20,577.20","18,983.40","20,763.50","17,983.70",169.39K,8.38%
6/18/22,"18,986.50","20,446.40","20,744.70","17,630.50",267.25K,-7.13%
6/17/22,"20,444.60","20,391.30","21,315.40","20,244.10",136.27K,0.28%
6/16/22,"20,386.60","22,577.90","22,942.10","20,231.10",144.00K,-9.71%
6/15/22,"22,577.90","22,137.50","22,754.40","20,125.80",280.41K,1.90%
6/14/22,"22,157.30","22,449.10","23,200.30","20,860.90",251.01K,-1.29%
6/13/22,"22,448.00","26,606.30","26,857.60","22,006.30",379.26K,-15.63%
6/12/22,"26,606.30","28,404.00","28,534.80","26,606.30",120.02K,-6.33%
6/11/22,"28,403.40","29,083.30","29,426.60","28,161.80",82.92K,-2.34%
6/10/22,"29,083.30","30,097.40","30,325.60","28,884.90",104.26K,-3.37%
6/9/22,"30,097.80","30,202.10","30,691.40","29,953.80",61.72K,-0.34%
6/8/22,"30,201.60","31,127.20","31,312.10","29,874.80",87.96K,-2.98%
6/7/22,"31,128.80","31,370.30","31,556.60","29,235.00",140.32K,-0.76%
6/6/22,"31,367.60","29,911.20","31,753.40","29,888.60",94.01K,4.86%
6/5/22,"29,913.00","29,865.10","30,166.90","29,539.00",30.33K,0.16%
6/4/22,"29,864.30","29,700.90","29,963.80","29,489.50",33.51K,0.55%
6/3/22,"29,700.90","30,455.70","30,674.80","29,330.80",72.13K,-2.48%
6/2/22,"30,455.50","29,798.60","30,638.50","29,604.40",81.40K,2.20%
6/1/22,"29,798.50","31,793.10","31,969.90","29,396.60",135.09K,-6.27%
5/31/22,"31,793.40","31,730.20","32,377.50","31,221.20",86.60K,0.22%
5/30/22,"31,723.30","29,465.20","32,185.60","29,307.20",129.56K,7.66%
5/29/22,"29,465.20","29,027.10","29,556.50","28,838.70",36.87K,1.51%
5/28/22,"29,027.10","28,620.10","29,194.40","28,537.20",43.87K,1.49%
5/27/22,"28,601.20","29,194.00","29,377.10","28,282.20",116.41K,-2.06%
5/26/22,"29,203.50","29,537.90","29,868.90","28,077.90",126.71K,-1.14%
5/25/22,"29,540.60","29,648.70","30,202.30","29,353.50",78.85K,-0.36%
5/24/22,"29,648.70","29,091.60","29,810.80","28,706.10",79.42K,1.91%
5/23/22,"29,093.30","30,287.30","30,644.80","28,913.60",92.10K,-3.94%
5/22/22,"30,286.60","29,433.00","30,462.00","29,260.10",50.60K,2.89%
5/21/22,"29,434.60","29,188.70","29,623.20","28,953.90",32.27K,0.88%
5/20/22,"29,178.60","30,305.90","30,735.10","28,738.50",98.78K,-3.72%
5/19/22,"30,305.90","28,700.40","30,525.10","28,682.10",101.38K,5.66%
5/18/22,"28,683.70","30,437.50","30,687.90","28,648.10",92.03K,-5.76%
5/17/22,"30,437.50","29,856.70","30,720.10","29,484.50",79.63K,1.97%
5/16/22,"29,849.00","31,308.30","31,312.40","29,135.80",100.25K,-4.66%
5/15/22,"31,308.70","30,078.60","31,383.80","29,499.40",65.44K,4.08%
5/14/22,"30,080.40","29,285.20","30,277.40","28,666.70",70.46K,2.72%
5/13/22,"29,284.40","28,994.30","31,002.70","28,755.00",141.23K,1.06%
5/12/22,"28,976.00","29,073.40","30,136.70","26,500.50",309.48K,-0.32%
5/11/22,"29,068.20","31,008.00","32,113.60","27,835.50",296.90K,-6.25%
5/10/22,"31,007.50","30,098.20","32,621.20","29,831.00",235.61K,3.03%
5/9/22,"30,095.00","34,041.00","34,227.00","30,095.00",268.09K,-11.64%
5/8/22,"34,060.00","35,468.00","35,497.00","33,727.00",671.05M,-3.97%
5/7/22,"35,468.00","36,003.00","36,119.00","34,773.00",288.86M,-1.50%
5/6/22,"36,009.00","36,540.00","36,646.00","35,267.00",752.84M,-1.46%
5/5/22,"36,544.00","39,686.00","39,833.00","36,183.00",1.04B,-7.92%
5/4/22,"39,688.00","37,717.00","40,021.00","37,660.00",691.49M,5.22%
5/3/22,"37,718.00","38,515.00","38,647.00","37,513.00",367.21M,-2.07%
5/2/22,"38,514.00","38,472.00","39,134.00","38,061.00",580.79M,0.14%
5/1/22,"38,461.00","37,642.00","38,676.00","37,397.00",276.99M,2.15%
4/30/22,"37,650.00","38,590.00","38,776.00","37,596.00",248.22M,-2.41%
4/29/22,"38,581.00","39,748.00","39,919.00","38,175.00",382.90M,-2.94%
4/28/22,"39,748.00","39,243.00","40,382.00","38,888.00",542.39M,1.29%
4/27/22,"39,243.00","38,113.00","39,447.00","37,869.00",426.83M,2.96%
4/26/22,"38,113.00","40,443.00","40,770.00","37,708.00",681.47M,-5.72%
4/25/22,"40,427.00","39,464.00","40,599.00","38,233.00",654.60M,2.44%
4/24/22,"39,464.00","39,434.00","39,929.00","39,033.00",283.63M,0.12%
4/23/22,"39,418.00","39,709.00","39,973.00","39,291.00",190.60M,-0.73%
4/22/22,"39,709.00","40,487.00","40,792.00","39,200.00",421.30M,-1.91%
4/21/22,"40,482.00","41,370.00","42,969.00","39,793.00",493.05M,-2.14%
4/20/22,"41,368.00","41,499.00","42,203.00","40,915.00",382.84M,-0.33%
4/19/22,"41,503.00","40,809.00","41,746.00","40,585.00",268.28M,1.72%
4/18/22,"40,803.00","39,700.00","41,095.00","38,577.00",484.26M,2.77%
4/17/22,"39,703.00","40,382.00","40,599.00","39,561.00",210.01M,-1.68%
4/16/22,"40,382.00","40,571.00","40,691.00","40,003.00",151.31M,-0.44%
4/15/22,"40,560.00","39,936.00","40,850.00","39,781.00",233.09M,1.56%
4/14/22,"39,936.00","41,133.00","41,494.00","39,585.00",294.29M,-2.91%
4/13/22,"41,133.00","40,072.00","41,515.00","39,581.00",406.70M,2.63%
4/12/22,"40,078.00","39,507.00","40,678.00","39,265.00",468.27M,1.47%
4/11/22,"39,497.00","42,144.00","42,418.00","39,202.00",608.38M,-6.27%
4/10/22,"42,138.00","42,760.00","43,421.00","41,884.00",255.83M,-1.47%
4/9/22,"42,767.00","42,275.00","42,809.00","42,129.00",165.16M,1.16%
4/8/22,"42,275.00","43,450.00","43,979.00","42,113.00",467.83M,-2.70%
4/7/22,"43,448.00","43,166.00","43,893.00","42,747.00",390.85M,0.64%
4/6/22,"43,173.00","45,494.00","45,519.00","43,122.00",649.52M,-5.13%
4/5/22,"45,506.00","46,614.00","47,201.00","45,388.00",421.11M,-2.41%
4/4/22,"46,629.00","46,407.00","46,899.00","45,152.00",446.12M,0.48%
4/3/22,"46,407.00","45,813.00","47,435.00","45,554.00",398.86M,1.30%
4/2/22,"45,811.00","46,299.00","47,212.00","45,641.00",345.93M,-1.05%
4/1/22,"46,297.00","45,529.00","46,728.00","44,261.00",632.93M,1.70%
3/31/22,"45,525.00","47,071.00","47,624.00","45,228.00",520.00M,-3.29%
3/30/22,"47,075.00","47,449.00","47,714.00","46,601.00",467.76M,-0.79%
3/29/22,"47,449.00","47,126.00","48,127.00","47,029.00",478.82M,0.73%
3/28/22,"47,105.00","46,859.00","48,199.00","46,672.00",610.27M,0.52%
3/27/22,"46,859.00","44,542.00","46,947.00","44,445.00",388.79M,5.19%
3/26/22,"44,548.00","44,331.00","44,818.00","44,090.00",196.30M,0.49%
3/25/22,"44,331.00","44,013.00","45,112.00","43,622.00",494.09M,0.72%
3/24/22,"44,013.00","42,911.00","44,251.00","42,658.00",491.66M,2.57%
3/23/22,"42,912.00","42,373.00","43,027.00","41,795.00",433.96M,1.27%
3/22/22,"42,373.00","41,022.00","43,327.90","40,893.00",537.06M,3.29%
3/21/22,"41,022.00","41,282.00","41,532.00","40,530.00",406.62M,-0.62%
3/20/22,"41,276.00","42,241.00","42,301.00","40,922.00",308.45M,-2.27%
3/19/22,"42,233.00","41,768.00","42,386.00","41,529.60",224.59M,1.11%
3/18/22,"41,767.80","40,914.60","42,308.40","40,234.80",2.31B,2.08%
3/17/22,"40,914.80","41,118.70","41,406.00","40,557.80",1.90B,-0.50%
3/16/22,"41,118.70","39,282.50","41,701.60","38,953.20",4.47B,4.67%
3/15/22,"39,285.70","39,673.00","39,854.70","38,220.90",2.25B,-0.97%
3/14/22,"39,671.10","37,789.50","39,914.30","37,613.60",2.33B,4.97%
3/13/22,"37,792.40","38,813.20","39,272.30","37,603.40",1.55B,-2.63%
3/12/22,"38,814.30","38,730.20","39,355.30","38,666.50",1.11B,0.22%
3/11/22,"38,730.20","39,422.50","40,177.00","38,236.40",2.79B,-1.74%
3/10/22,"39,416.30","41,933.90","42,029.10","38,603.50",3.62B,-5.99%
3/9/22,"41,929.00","38,731.50","42,538.50","38,663.30",3.60B,8.22%
3/8/22,"38,744.80","38,020.60","39,351.50","37,886.60",2.67B,1.89%
3/7/22,"38,024.80","38,420.60","39,532.00","37,182.10",3.02B,-0.99%
3/6/22,"38,403.10","39,396.30","39,668.10","38,115.00",1.93B,-2.52%
3/5/22,"39,395.80","39,142.80","39,600.20","38,626.10",1.50B,0.65%
3/4/22,"39,142.70","42,463.00","42,848.70","38,594.90",3.21B,-7.82%
3/3/22,"42,463.00","43,912.80","44,077.20","41,840.80",74.11K,-3.30%
3/2/22,"43,912.80","44,420.30","45,294.20","43,361.30",80.82K,-1.14%
3/1/22,"44,420.30","43,187.20","44,900.50","42,876.60",90.67K,2.85%
2/28/22,"43,188.20","37,707.20","43,977.80","37,458.90",108.07K,14.59%
2/27/22,"37,689.10","39,116.60","39,838.50","37,062.30",66.14K,-3.65%
2/26/22,"39,115.50","39,221.60","40,094.50","38,639.10",41.55K,-0.24%
2/25/22,"39,209.60","38,339.20","39,683.70","38,042.60",83.78K,2.27%
2/24/22,"38,339.20","37,250.20","39,351.60","34,357.40",180.47K,2.99%
2/23/22,"37,224.60","38,248.20","39,194.50","37,099.50",64.84K,-2.68%
2/22/22,"38,248.20","37,018.30","38,414.90","36,399.60",82.75K,3.32%
2/21/22,"37,017.70","38,355.00","39,444.10","36,868.90",91.82K,-3.49%
2/20/22,"38,355.00","40,089.60","40,120.30","38,042.20",47.92K,-4.33%
2/19/22,"40,090.30","40,000.10","40,434.30","39,666.60",25.78K,0.23%
2/18/22,"40,000.10","40,532.50","40,935.50","39,505.00",64.96K,-1.36%
2/17/22,"40,552.80","43,885.50","44,167.10","40,103.80",72.63K,-7.59%
2/16/22,"43,883.60","44,540.90","44,552.90","43,377.60",41.40K,-1.48%
2/15/22,"44,544.40","42,550.30","44,722.60","42,460.10",56.34K,4.69%
2/14/22,"42,550.30","42,061.10","42,799.70","41,591.30",53.60K,1.16%
2/13/22,"42,061.10","42,205.50","42,725.10","41,880.10",25.88K,-0.34%
2/12/22,"42,205.20","42,388.40","43,006.40","41,776.80",37.88K,-0.43%
2/11/22,"42,388.40","43,519.30","43,915.10","42,023.40",69.95K,-2.60%
2/10/22,"43,521.00","44,388.90","45,755.20","43,242.50",89.69K,-1.96%
2/9/22,"44,388.90","44,038.20","44,800.40","43,163.00",50.92K,0.80%
2/8/22,"44,038.20","43,833.90","45,399.80","42,705.00",92.88K,0.47%
2/7/22,"43,833.90","42,385.20","44,468.30","41,695.40",76.60K,3.40%
2/6/22,"42,392.20","41,411.90","42,614.80","41,176.30",31.20K,2.37%
2/5/22,"41,412.10","41,566.50","41,899.80","40,963.30",46.32K,-0.37%
2/4/22,"41,567.60","37,287.80","41,689.00","37,041.10",95.49K,11.48%
2/3/22,"37,287.80","36,890.20","37,304.30","36,297.30",50.35K,1.08%
2/2/22,"36,890.20","38,711.20","38,853.80","36,682.30",53.74K,-4.70%
2/1/22,"38,709.70","38,475.60","39,230.00","38,037.90",55.20K,0.55%
1/31/22,"38,498.60","37,923.80","38,701.40","36,672.80",61.27K,1.53%
1/30/22,"37,917.70","38,167.50","38,313.30","37,390.60",34.10K,-0.66%
1/29/22,"38,170.80","37,736.50","38,663.70","37,350.20",42.77K,1.13%
1/28/22,"37,745.10","37,195.60","37,995.90","36,176.50",69.45K,1.56%
1/27/22,"37,164.30","36,800.10","37,215.40","35,543.20",83.52K,0.99%
1/26/22,"36,800.40","36,962.30","38,862.60","36,280.00",107.87K,-0.41%
1/25/22,"36,950.60","36,691.30","37,501.80","35,729.30",79.68K,0.72%
1/24/22,"36,686.30","36,268.60","37,424.00","32,985.60",153.77K,1.15%
1/23/22,"36,269.50","35,072.90","36,513.00","34,655.20",70.43K,3.40%
1/22/22,"35,075.20","36,467.70","36,749.80","34,116.00",138.09K,-3.84%
1/21/22,"36,475.50","40,698.10","41,104.60","35,503.90",155.80K,-10.41%
1/20/22,"40,715.90","41,683.60","43,487.10","40,568.30",65.28K,-2.31%
1/19/22,"41,677.80","42,365.30","42,558.00","41,160.90",53.77K,-1.62%
1/18/22,"42,364.60","42,209.90","42,674.20","41,300.70",47.32K,0.37%
1/17/22,"42,209.30","43,080.50","43,179.60","41,559.40",41.44K,-2.02%
1/16/22,"43,079.10","43,079.20","43,462.00","42,643.30",28.66K,-0.04%
1/15/22,"43,097.00","43,073.60","43,777.90","42,586.10",31.44K,0.06%
1/14/22,"43,073.30","42,562.20","43,435.10","41,848.70",50.50K,1.21%
1/13/22,"42,560.00","43,900.00","44,404.70","42,337.50",53.42K,-3.05%
1/12/22,"43,901.00","42,735.00","44,243.60","42,476.70",53.95K,2.73%
1/11/22,"42,733.20","41,829.10","43,090.20","41,287.60",61.78K,2.15%
1/10/22,"41,832.20","41,848.90","42,243.80","39,697.00",85.50K,-0.04%
1/9/22,"41,848.30","41,681.20","42,764.40","41,260.90",37.51K,0.42%
1/8/22,"41,672.00","41,551.30","42,304.40","40,574.30",52.54K,0.30%
1/7/22,"41,546.70","43,097.90","43,127.70","40,810.00",88.36K,-3.60%
1/6/22,"43,097.50","43,431.60","43,772.30","42,481.10",63.08K,-0.76%
1/5/22,"43,425.90","45,833.10","47,019.40","42,535.10",83.74K,-5.26%
1/4/22,"45,837.30","46,435.70","47,505.40","45,602.10",55.59K,-1.28%
1/3/22,"46,430.20","47,293.90","47,556.00","45,704.00",41.06K,-1.86%
1/2/22,"47,311.80","47,738.70","47,944.90","46,718.20",27.02K,-0.89%
1/1/22,"47,738.00","46,217.50","47,917.60","46,217.50",31.24K,3.29%
12/31/21,"46,219.50","47,123.30","48,553.90","45,693.60",58.18K,-1.92%
12/30/21,"47,123.30","46,470.70","47,901.40","46,003.00",60.96K,1.42%
12/29/21,"46,461.70","47,548.40","48,121.70","46,127.80",63.92K,-2.28%
12/28/21,"47,545.20","50,703.40","50,703.80","47,345.70",74.39K,-6.18%
12/27/21,"50,678.20","50,783.60","52,016.30","50,459.00",43.90K,-0.20%
12/26/21,"50,779.90","50,404.00","51,247.00","49,527.00",32.34K,0.74%
12/25/21,"50,406.40","50,789.60","51,140.20","50,196.80",26.67K,-0.75%
12/24/21,"50,786.10","50,807.40","51,795.30","50,428.40",45.97K,-0.03%
12/23/21,"50,801.00","48,599.60","51,355.60","48,053.40",56.24K,4.53%
12/22/21,"48,599.70","48,898.70","49,540.30","48,449.70",40.89K,-0.62%
12/21/21,"48,902.00","46,900.10","49,306.10","46,654.00",57.88K,4.28%
12/20/21,"46,895.20","46,703.40","47,488.90","45,577.30",57.53K,0.41%
12/19/21,"46,704.50","46,855.70","48,270.20","46,438.40",44.05K,-0.32%
12/18/21,"46,856.20","46,171.80","47,330.20","45,513.40",36.93K,1.48%
12/17/21,"46,172.20","47,630.40","47,997.20","45,523.80",67.50K,-3.06%
12/16/21,"47,628.20","48,876.60","49,387.80","47,543.90",48.20K,-2.54%
12/15/21,"48,871.50","48,366.20","49,477.90","46,572.60",80.28K,1.04%
12/14/21,"48,366.50","46,709.80","48,635.00","46,338.30",62.54K,3.56%
12/13/21,"46,703.60","50,075.90","50,196.10","45,848.20",80.37K,-6.74%
12/12/21,"50,081.00","49,332.50","50,779.20","48,670.50",40.30K,1.55%
12/11/21,"49,314.50","47,138.40","49,487.00","46,834.00",45.23K,4.62%
12/10/21,"47,137.20","47,591.70","49,974.80","47,007.10",68.06K,-0.97%
12/9/21,"47,596.60","50,477.60","50,790.20","47,341.90",58.69K,-5.70%
12/8/21,"50,473.90","50,596.60","51,204.70","48,700.70",55.59K,-0.24%
12/7/21,"50,595.20","50,547.40","51,918.60","50,070.90",56.29K,0.07%
12/6/21,"50,562.10","49,412.10","50,913.30","47,237.90",89.68K,2.34%
12/5/21,"49,405.50","49,196.40","49,689.30","47,797.80",72.03K,0.43%
12/4/21,"49,195.20","53,620.70","53,847.20","42,587.80",168.00K,-8.27%
12/3/21,"53,631.50","56,495.20","57,543.60","52,008.90",89.20K,-5.07%
12/2/21,"56,496.00","57,207.80","57,377.50","55,807.90",54.94K,-1.25%
12/1/21,"57,210.30","56,891.70","59,064.30","56,496.50",66.75K,0.58%
11/30/21,"56,882.90","57,795.20","59,174.40","55,936.90",73.66K,-1.58%
11/29/21,"57,794.80","57,288.10","58,855.20","56,726.70",58.65K,0.88%
11/28/21,"57,291.50","54,758.00","57,392.30","53,448.30",49.28K,4.61%
11/27/21,"54,765.90","53,747.20","55,280.30","53,654.30",40.71K,1.93%
11/26/21,"53,730.90","58,937.30","59,151.10","53,533.50",104.03K,-8.83%
11/25/21,"58,935.10","57,167.10","59,387.30","57,029.80",56.79K,3.08%
11/24/21,"57,171.70","57,559.40","57,697.40","55,910.60",56.68K,-0.70%
11/23/21,"57,573.20","56,304.80","57,855.10","55,542.50",72.48K,2.25%
11/22/21,"56,308.80","58,719.70","59,288.30","55,656.80",76.45K,-4.10%
11/21/21,"58,714.30","59,724.00","60,002.60","58,528.30",40.98K,-1.68%
11/20/21,"59,717.60","58,080.80","59,854.60","57,435.30",44.53K,2.81%
11/19/21,"58,083.40","56,908.30","58,335.90","55,626.30",74.44K,1.98%
11/18/21,"56,955.30","60,368.20","60,936.90","56,524.40",100.37K,-5.65%
11/17/21,"60,367.80","60,074.20","60,814.50","58,531.90",73.93K,0.46%
11/16/21,"60,089.10","63,605.10","63,605.60","58,655.90",115.36K,-5.52%
11/15/21,"63,597.90","65,514.90","66,311.20","63,439.50",53.53K,-2.92%
11/14/21,"65,508.20","64,397.20","65,508.20","63,608.30",33.98K,1.72%
11/13/21,"64,398.60","64,133.30","64,906.00","63,381.40",30.34K,0.41%
11/12/21,"64,134.50","64,782.60","65,449.70","62,309.70",63.27K,-1.04%
11/11/21,"64,806.70","64,922.80","65,583.30","64,121.90",50.37K,-0.19%
11/10/21,"64,932.60","66,942.60","68,990.60","62,951.30",96.21K,-2.95%
11/9/21,"66,904.40","67,528.70","68,493.30","66,334.90",66.13K,-0.92%
11/8/21,"67,527.90","63,276.40","67,763.30","63,276.40",81.08K,6.72%
11/7/21,"63,273.20","61,483.80","63,273.20","61,347.20",34.34K,2.91%
11/6/21,"61,483.90","60,973.20","61,543.20","60,093.60",34.89K,0.84%
11/5/21,"60,974.30","61,411.50","62,560.30","60,742.40",44.46K,-0.71%
11/4/21,"61,412.60","62,915.40","63,077.60","60,742.90",49.91K,-2.39%
11/3/21,"62,918.50","63,223.50","63,508.60","60,883.00",61.05K,-0.48%
11/2/21,"63,221.70","60,912.20","64,256.40","60,651.50",65.26K,3.79%
11/1/21,"60,915.30","61,310.10","62,430.10","59,612.70",61.21K,-0.64%
10/31/21,"61,309.60","61,842.20","62,393.70","60,005.70",50.06K,-0.86%
10/30/21,"61,840.10","62,245.00","62,338.50","60,786.00",40.51K,-0.65%
10/29/21,"62,242.80","60,579.90","62,952.20","60,322.20",63.39K,2.74%
10/28/21,"60,582.50","58,437.20","62,251.30","58,128.10",88.47K,3.67%
10/27/21,"58,438.10","60,312.50","61,452.90","58,112.60",88.11K,-3.11%
10/26/21,"60,310.80","63,067.50","63,275.10","59,907.30",57.13K,-4.37%
10/25/21,"63,067.00","60,864.30","63,694.80","60,655.80",51.06K,3.62%
10/24/21,"60,866.50","61,308.20","61,469.90","59,523.70",42.67K,-0.73%
10/23/21,"61,312.50","60,693.20","61,728.70","59,738.30",37.05K,1.03%
10/22/21,"60,690.30","62,200.80","63,699.70","60,055.70",75.69K,-2.44%
10/21/21,"62,210.20","66,004.60","66,616.90","62,092.10",105.38K,-5.71%
10/20/21,"65,979.10","64,276.90","66,967.10","63,543.70",79.87K,2.65%
10/19/21,"64,278.50","62,030.20","64,454.00","61,451.00",80.16K,3.58%
10/18/21,"62,056.30","61,525.80","62,623.60","60,026.90",80.15K,0.86%
10/17/21,"61,527.50","60,865.50","61,651.40","59,143.40",53.39K,1.09%
10/16/21,"60,861.10","61,669.20","62,329.20","60,161.90",49.93K,-1.32%
10/15/21,"61,672.50","57,348.20","62,892.80","56,874.80",121.48K,7.54%
10/14/21,"57,345.80","57,370.40","58,506.50","56,866.80",59.84K,-0.06%
10/13/21,"57,380.10","56,014.50","57,697.40","54,314.40",73.62K,2.44%
10/12/21,"56,015.90","57,480.60","57,635.70","54,155.40",74.85K,-2.54%
10/11/21,"57,477.30","54,686.90","57,814.10","54,457.80",73.84K,5.10%
10/10/21,"54,687.70","54,942.50","56,432.20","54,100.80",104.43K,-0.46%
10/9/21,"54,942.50","53,924.10","55,430.80","53,711.70",64.65K,1.91%
10/8/21,"53,914.70","53,785.50","55,977.90","53,659.30",64.05K,0.24%
10/7/21,"53,783.90","55,325.20","55,325.60","53,476.40",75.68K,-2.78%
10/6/21,"55,323.20","51,470.00","55,676.10","50,439.50",116.26K,7.49%
10/5/21,"51,469.30","49,229.50","51,872.40","49,060.10",76.63K,4.55%
10/4/21,"49,227.30","48,200.40","49,481.70","46,958.60",66.92K,2.13%
10/3/21,"48,200.10","47,665.40","49,165.20","47,123.00",42.41K,1.12%
10/2/21,"47,666.90","48,147.20","48,306.90","47,451.70",39.82K,-1.00%
10/1/21,"48,146.00","43,824.40","48,435.20","43,292.90",94.66K,9.86%
9/30/21,"43,823.30","41,534.50","44,101.20","41,416.70",64.32K,5.50%
9/29/21,"41,536.80","41,023.10","42,571.20","40,815.00",48.21K,1.25%
9/28/21,"41,022.30","42,169.90","42,758.80","40,906.40",60.01K,-2.73%
9/27/21,"42,172.60","43,200.90","44,293.20","42,143.90",54.12K,-2.39%
9/26/21,"43,203.40","42,685.80","43,907.30","40,786.60",69.91K,1.21%
9/25/21,"42,686.80","42,818.70","42,959.30","41,714.50",46.35K,-0.31%
9/24/21,"42,819.90","44,867.40","45,112.00","40,908.50",128.88K,-4.57%
9/23/21,"44,869.20","43,550.70","44,949.80","43,090.10",74.54K,3.03%
9/22/21,"43,551.60","40,660.80","43,976.70","40,585.70",93.98K,7.13%
9/21/21,"40,651.30","43,012.30","43,619.30","39,646.80",142.55K,-5.18%
9/20/21,"42,870.60","47,240.80","47,323.90","42,547.10",77.96K,-9.25%
9/19/21,"47,238.70","48,299.90","48,341.90","46,866.60",41.98K,-2.21%
9/18/21,"48,306.70","47,283.90","48,761.00","47,070.50",43.64K,2.17%
9/17/21,"47,282.80","47,748.20","48,155.90","46,788.80",50.16K,-0.97%
9/16/21,"47,748.00","48,132.30","48,480.60","47,040.30",60.91K,-0.80%
9/15/21,"48,130.60","47,070.80","48,436.50","46,743.90",63.40K,2.24%
9/14/21,"47,077.50","44,950.20","47,247.60","44,718.70",65.33K,4.73%
9/13/21,"44,949.50","46,060.80","46,807.70","43,463.20",96.15K,-2.42%
9/12/21,"46,062.30","45,162.60","46,386.40","44,755.20",44.52K,1.99%
9/11/21,"45,161.90","44,844.90","45,975.60","44,766.60",41.58K,0.71%
9/10/21,"44,842.80","46,385.90","47,021.60","44,283.60",75.62K,-3.33%
9/9/21,"46,385.60","46,057.60","47,305.70","45,609.00",73.63K,0.70%
9/8/21,"46,061.40","46,774.10","47,316.90","44,493.70",100.48K,-1.54%
9/7/21,"46,779.60","52,674.20","52,885.30","43,072.40",187.56K,-11.19%
9/6/21,"52,672.10","51,769.40","52,726.20","51,002.80",69.46K,1.75%
9/5/21,"51,768.60","49,918.70","51,878.20","49,492.40",57.30K,3.71%
9/4/21,"49,918.40","49,999.30","50,534.60","49,461.40",48.14K,-0.16%
9/3/21,"49,999.00","49,269.50","51,008.80","48,377.30",88.08K,1.47%
9/2/21,"49,274.30","48,817.80","50,355.30","48,612.90",80.21K,0.93%
9/1/21,"48,819.40","47,129.20","49,121.00","46,533.10",74.38K,3.58%
8/31/21,"47,130.40","46,989.10","48,217.00","46,709.30",71.48K,0.29%
8/30/21,"46,992.70","48,777.10","48,886.00","46,876.90",61.68K,-3.66%
8/29/21,"48,777.40","48,899.70","49,621.70","47,870.10",47.62K,-0.24%
8/28/21,"48,897.10","49,062.80","49,289.40","48,428.50",36.73K,-0.34%
8/27/21,"49,064.30","46,830.20","49,142.00","46,371.50",62.47K,4.77%
8/26/21,"46,831.60","48,994.40","49,347.80","46,360.40",73.79K,-4.41%
8/25/21,"48,994.50","47,707.40","49,230.20","47,163.30",63.54K,2.68%
8/24/21,"47,714.70","49,532.50","49,847.40","47,623.60",74.26K,-3.68%
8/23/21,"49,539.70","49,255.40","50,498.80","49,038.60",75.37K,0.58%
8/22/21,"49,254.50","48,870.40","49,480.30","48,151.00",49.32K,0.77%
8/21/21,"48,875.80","49,330.00","49,719.10","48,293.50",18.20K,-0.91%
8/20/21,"49,324.00","46,756.70","49,343.30","46,646.80",83.19K,5.49%
8/19/21,"46,755.90","44,725.90","47,012.30","43,986.70",77.92K,4.54%
8/18/21,"44,723.80","44,691.10","46,004.90","44,230.00",22.36K,0.07%
8/17/21,"44,691.60","45,907.50","47,140.60","44,441.30",84.14K,-2.84%
8/16/21,"45,996.30","46,991.60","48,002.40","45,672.10",2.41K,-2.12%
8/15/21,"46,991.30","47,082.60","47,344.10","45,564.10",58.11K,-0.19%
8/14/21,"47,081.50","47,809.60","48,090.90","46,117.20",64.29K,-1.52%
8/13/21,"47,809.10","44,404.00","47,836.00","44,242.40",75.27K,7.67%
8/12/21,"44,403.40","45,562.30","46,213.80","43,814.70",81.07K,-2.55%
8/11/21,"45,564.30","45,593.20","46,736.50","45,367.90",75.43K,-0.06%
8/10/21,"45,593.80","46,281.80","46,663.40","44,681.20",80.55K,-1.49%
8/9/21,"46,284.30","43,794.90","46,460.70","42,824.10",117.08K,5.69%
8/8/21,"43,792.80","44,584.90","45,284.10","43,314.40",105.25K,-1.84%
8/7/21,"44,614.20","42,784.70","44,697.30","42,611.00",112.84K,4.25%
8/6/21,"42,795.40","40,868.40","43,253.40","39,905.40",111.93K,4.72%
8/5/21,"40,867.20","39,734.40","41,366.30","37,365.40",130.60K,2.84%
8/4/21,"39,736.90","38,188.40","39,956.50","37,556.00",79.22K,4.21%
8/3/21,"38,130.30","39,167.40","39,766.60","37,688.20",0.26K,-2.65%
8/2/21,"39,168.40","39,869.80","40,449.00","38,692.50",74.81K,-1.78%
8/1/21,"39,878.30","41,510.00","42,565.00","39,556.50",80.33K,-4.03%
7/31/21,"41,553.70","42,201.40","42,285.30","41,066.40",44.65K,-1.54%
7/30/21,"42,203.40","40,001.10","42,264.40","38,358.40",98.45K,5.50%
7/29/21,"40,001.40","40,009.00","40,630.70","39,340.80",75.30K,0.00%
7/28/21,"40,003.20","39,450.40","40,862.20","38,883.80",148.92K,1.40%
7/27/21,"39,452.00","37,294.30","39,455.90","36,427.40",100.24K,5.84%
7/26/21,"37,276.60","35,392.30","40,522.90","35,236.70",177.63K,5.33%
7/25/21,"35,391.10","34,392.50","35,391.10","33,881.30",65.10K,4.63%
7/24/21,"33,824.80","33,600.50","33,955.00","33,412.90",67.14K,0.66%
7/23/21,"33,603.30","32,297.90","33,605.60","32,041.10",66.15K,4.04%
7/22/21,"32,298.90","32,131.70","32,585.40","31,729.40",64.87K,0.52%
7/21/21,"32,131.40","29,794.70","32,794.60","29,519.30",118.34K,7.85%
7/20/21,"29,793.80","30,835.40","31,040.80","29,310.20",97.46K,-3.38%
7/19/21,"30,837.20","31,782.90","31,887.00","30,478.20",77.48K,-2.98%
7/18/21,"31,785.40","31,517.90","32,408.20","31,220.60",57.01K,0.85%
7/17/21,"31,518.60","31,384.40","31,914.80","31,207.80",58.06K,0.40%
7/16/21,"31,394.00","31,842.30","32,239.80","31,062.20",70.48K,-1.40%
7/15/21,"31,840.50","32,820.50","33,157.00","31,175.80",76.95K,-2.99%
7/14/21,"32,820.70","32,727.80","33,051.90","31,611.20",69.56K,0.28%
7/13/21,"32,728.10","33,106.10","33,307.70","32,259.50",60.04K,-1.16%
7/12/21,"33,113.00","34,228.30","34,598.00","32,662.80",63.24K,-3.26%
7/11/21,"34,227.70","33,510.80","34,580.60","33,319.80",35.72K,2.14%
7/10/21,"33,510.60","33,797.70","34,221.00","33,056.80",50.94K,-0.85%
7/9/21,"33,797.40","32,866.30","34,079.20","32,367.00",67.14K,2.83%
7/8/21,"32,866.30","33,859.40","33,923.20","32,146.90",108.09K,-2.96%
7/7/21,"33,867.80","34,228.70","35,036.60","33,801.30",72.03K,-1.05%
7/6/21,"34,225.60","33,688.50","35,062.00","33,581.70",83.63K,1.60%
7/5/21,"33,687.80","35,297.00","35,300.50","33,164.10",88.36K,-4.56%
7/4/21,"35,298.20","34,742.80","35,957.60","34,740.10",56.13K,1.60%
7/3/21,"34,742.80","33,814.20","34,909.80","33,363.30",55.69K,2.75%
7/2/21,"33,813.40","33,542.20","33,925.90","32,734.60",78.93K,0.80%
7/1/21,"33,543.60","35,030.70","35,032.70","32,839.20",27.41K,-4.23%
6/30/21,"35,026.90","35,832.60","36,089.50","34,126.60",107.07K,-2.25%
6/29/21,"35,834.70","34,477.30","36,590.30","34,247.60",97.27K,3.94%
6/28/21,"34,475.90","34,682.20","35,231.20","33,944.90",112.00K,-0.58%
6/27/21,"34,678.50","32,247.10","34,685.50","32,041.70",148.80K,7.55%
6/26/21,"32,243.40","31,592.10","32,643.00","30,206.90",156.67K,2.06%
6/25/21,"31,594.00","34,660.50","35,490.90","31,337.90",193.43K,-8.86%
6/24/21,"34,665.80","33,678.10","35,249.90","32,356.70",119.25K,2.94%
6/23/21,"33,674.30","32,498.30","34,784.30","31,736.50",173.34K,3.62%
6/22/21,"32,496.40","31,682.70","33,272.50","28,901.80",309.65K,2.54%
6/21/21,"31,692.00","35,597.90","35,708.40","31,284.10",256.87K,-10.97%
6/20/21,"35,595.80","35,510.90","36,097.90","33,378.00",137.48K,0.23%
6/19/21,"35,513.40","35,770.00","36,357.30","34,845.50",105.46K,-0.66%
6/18/21,"35,749.40","38,045.50","38,166.00","35,198.50",102.84K,-6.05%
6/17/21,"38,052.00","38,337.80","39,529.90","37,425.30",109.58K,-0.74%
6/16/21,"38,336.00","40,148.10","40,494.40","38,156.40",123.52K,-4.53%
6/15/21,"40,156.10","40,522.50","41,318.00","39,589.90",117.55K,-0.92%
6/14/21,"40,529.40","39,024.10","40,970.40","38,769.90",157.35K,3.86%
6/13/21,"39,022.90","35,467.50","39,321.60","34,827.00",123.32K,10.02%
6/12/21,"35,467.50","37,334.40","37,437.30","34,703.30",87.73K,-4.95%
6/11/21,"37,314.60","36,654.30","37,641.10","36,003.30",109.15K,1.81%
6/10/21,"36,649.40","37,375.20","38,340.80","35,824.00",154.32K,-1.83%
6/9/21,"37,332.20","33,385.50","37,517.60","32,428.60",209.82K,11.83%
6/8/21,"33,382.90","33,574.60","34,047.80","31,158.10",193.54K,-0.58%
6/7/21,"33,578.00","35,815.40","36,754.60","33,410.10",119.50K,-6.25%
6/6/21,"35,815.40","35,518.70","36,434.00","35,265.30",62.20K,0.83%
6/5/21,"35,520.00","36,841.20","37,887.60","34,832.00",101.48K,-3.61%
6/4/21,"36,851.30","39,191.40","39,255.40","35,659.90",127.71K,-5.96%
6/3/21,"39,187.30","37,555.70","39,462.30","37,193.60",106.44K,4.34%
6/2/21,"37,555.80","36,687.70","38,199.90","35,981.10",96.89K,2.37%
6/1/21,"36,687.60","37,294.30","37,850.30","35,742.70",113.48K,-1.64%
5/31/21,"37,298.60","35,644.00","37,480.70","34,213.20",131.70K,4.62%
5/30/21,"35,652.80","34,589.30","36,388.60","33,441.00",104.18K,3.09%
5/29/21,"34,584.60","35,664.50","37,227.10","33,664.20",160.43K,-3.02%
5/28/21,"35,662.50","38,543.20","38,844.10","34,772.40",199.58K,-7.17%
5/27/21,"38,417.30","39,249.00","40,322.20","37,190.80",122.93K,-2.12%
5/26/21,"39,249.20","38,375.70","40,750.00","37,847.00",153.80K,2.27%
5/25/21,"38,378.30","38,753.60","39,740.80","36,540.70",163.01K,-0.96%
5/24/21,"38,750.60","34,720.30","39,851.70","34,474.60",244.88K,11.74%
5/23/21,"34,679.70","37,446.80","38,248.70","31,192.40",325.73K,-7.39%
5/22/21,"37,448.30","37,291.00","38,776.00","35,314.90",185.83K,0.40%
5/21/21,"37,297.40","40,611.20","42,108.30","33,592.30",315.50K,-8.40%
5/20/21,"40,717.20","36,706.80","42,425.90","35,010.40",269.75K,10.88%
5/19/21,"36,720.50","42,898.30","43,516.60","30,261.70",607.10K,-14.40%
5/18/21,"42,897.30","43,538.50","45,770.90","42,293.90",154.96K,-1.48%
5/17/21,"43,541.30","46,424.20","46,545.40","42,201.50",274.76K,-6.21%
5/16/21,"46,426.40","46,729.30","49,764.30","43,920.80",180.07K,-0.60%
5/15/21,"46,708.80","49,839.10","50,640.90","46,650.20",131.91K,-6.28%
5/14/21,"49,839.80","49,704.90","51,459.20","48,874.00",118.84K,0.27%
5/13/21,"49,704.60","49,398.20","51,337.30","46,331.10",236.71K,0.65%
5/12/21,"49,384.20","56,694.50","57,938.50","49,187.00",160.74K,-12.90%
5/11/21,"56,695.70","55,846.10","56,871.10","54,550.40",96.47K,1.52%
5/10/21,"55,848.90","58,251.20","59,523.90","53,678.30",142.61K,-4.10%
5/9/21,"58,238.30","58,840.60","59,227.00","56,414.40",103.59K,-1.02%
5/8/21,"58,840.10","57,330.30","59,471.10","56,972.20",101.27K,2.62%
5/7/21,"57,337.20","56,411.40","58,639.30","55,300.10",110.01K,1.65%
5/6/21,"56,405.40","57,441.00","58,364.90","55,294.50",109.02K,-1.80%
5/5/21,"57,441.30","53,872.50","57,936.40","53,872.50",119.82K,6.88%
5/4/21,"53,741.50","57,170.60","57,201.30","53,741.50",132.33K,-6.00%
5/3/21,"57,169.80","56,605.80","58,925.10","56,562.40",89.24K,1.00%
5/2/21,"56,603.80","57,807.20","57,868.40","56,110.50",53.61K,-2.08%
5/1/21,"57,807.10","57,719.10","58,449.40","57,029.50",63.41K,0.15%
4/30/21,"57,720.30","53,562.30","57,925.60","53,088.70",103.74K,7.77%
4/29/21,"53,560.80","54,838.60","55,173.70","52,400.00",83.90K,-2.34%
4/28/21,"54,841.40","55,036.00","56,419.90","53,876.40",86.96K,-0.35%
4/27/21,"55,036.50","54,011.10","55,427.80","53,345.00",84.08K,1.88%
4/26/21,"54,020.50","48,963.50","54,320.90","48,815.90",129.76K,10.33%
4/25/21,"48,963.60","50,088.20","50,532.40","47,098.50",59.20K,-2.25%
4/24/21,"50,088.90","51,140.80","51,183.00","48,775.20",82.25K,-2.06%
4/23/21,"51,143.60","51,707.10","52,099.90","47,659.40",214.46K,-1.13%
4/22/21,"51,729.50","53,821.30","55,408.40","50,590.90",168.13K,-3.88%
4/21/21,"53,820.20","56,479.50","56,764.40","53,657.60",100.26K,-4.71%
4/20/21,"56,483.20","55,645.10","57,054.90","53,422.50",115.49K,1.50%
4/19/21,"55,646.10","56,208.10","57,517.00","54,272.30",117.51K,-1.00%
4/18/21,"56,207.10","60,043.20","60,362.10","51,817.60",216.81K,-6.39%
4/17/21,"60,041.90","61,358.30","62,509.10","59,672.10",84.08K,-2.18%
4/16/21,"61,379.70","63,211.60","63,518.50","60,027.30",136.85K,-2.90%
4/15/21,"63,216.00","62,978.60","63,729.10","62,067.50",76.97K,0.37%
4/14/21,"62,980.40","63,544.20","64,778.00","61,366.30",130.43K,-0.88%
4/13/21,"63,540.90","59,863.60","63,659.00","59,839.40",126.56K,6.14%
4/12/21,"59,863.80","59,982.10","61,259.90","59,569.20",81.88K,-0.19%
4/11/21,"59,978.70","59,772.40","60,667.10","59,250.30",58.20K,0.39%
4/10/21,"59,748.40","58,127.40","61,229.00","57,900.00",103.72K,2.80%
4/9/21,"58,118.70","58,076.80","58,890.90","57,686.00",59.22K,0.07%
4/8/21,"58,077.40","55,948.00","58,136.70","55,721.60",64.78K,3.80%
4/7/21,"55,948.70","57,996.30","58,627.70","55,489.30",110.69K,-3.53%
4/6/21,"57,996.30","59,169.00","59,487.00","57,403.30",77.15K,-1.69%
4/5/21,"58,993.40","58,202.30","59,205.10","56,842.70",54.13K,1.36%
4/4/21,"58,199.90","57,059.70","58,464.80","56,470.60",57.21K,2.00%
4/3/21,"57,059.90","58,976.80","59,770.50","56,906.70",68.74K,-3.25%
4/2/21,"58,977.30","58,718.20","60,134.90","58,466.50",72.37K,0.44%
4/1/21,"58,718.30","58,763.20","59,406.50","58,040.70",69.04K,-0.08%
3/31/21,"58,763.70","58,771.40","59,795.60","56,991.60",98.06K,-0.01%
3/30/21,"58,771.30","57,614.60","59,366.90","57,077.10",86.21K,2.00%
3/29/21,"57,616.20","55,764.70","58,392.60","54,951.10",107.91K,3.32%
3/28/21,"55,765.20","55,856.90","56,504.20","54,711.30",58.71K,-0.17%
3/27/21,"55,862.90","55,033.80","56,531.10","54,010.20",73.87K,1.50%
3/26/21,"55,036.10","51,317.40","55,074.10","51,302.00",100.30K,7.24%
3/25/21,"51,322.30","52,330.00","53,175.40","50,441.30",143.35K,-1.92%
3/24/21,"52,325.40","54,309.10","57,169.40","51,725.40",137.91K,-3.91%
3/23/21,"54,452.50","54,117.50","55,813.80","52,992.30",84.84K,0.54%
3/22/21,"54,158.30","57,379.30","58,379.90","53,784.20",95.53K,-5.62%
3/21/21,"57,383.80","58,097.40","58,583.80","55,583.30",77.47K,-1.22%
3/20/21,"58,093.40","58,084.10","59,882.10","57,863.00",67.83K,0.01%
3/19/21,"58,088.00","57,645.00","59,448.30","56,305.10",83.98K,0.75%
3/18/21,"57,656.00","58,911.80","60,088.00","57,099.60",102.62K,-2.13%
3/17/21,"58,913.50","56,892.90","58,933.20","54,253.20",118.26K,3.56%
3/16/21,"56,889.70","55,619.50","56,889.70","53,342.60",128.51K,1.97%
3/15/21,"55,791.30","59,117.40","60,565.90","55,088.80",117.71K,-5.62%
3/14/21,"59,113.70","61,192.70","61,673.70","59,113.70",80.29K,-3.40%
3/13/21,"61,195.30","57,267.40","61,795.80","56,118.80",134.64K,6.86%
3/12/21,"57,265.10","57,806.20","58,052.30","55,134.50",116.96K,-0.92%
3/11/21,"57,799.50","55,851.20","58,135.00","54,351.80",129.63K,3.49%
3/10/21,"55,851.90","54,882.70","57,328.70","53,073.60",140.96K,1.77%
3/9/21,"54,879.00","52,352.40","54,880.60","51,941.30",114.06K,4.91%
3/8/21,"52,311.00","50,988.90","52,384.90","49,338.10",68.14K,2.61%
3/7/21,"50,982.30","48,899.00","51,434.10","48,890.60",82.91K,4.35%
3/6/21,"48,855.60","48,798.70","49,191.80","47,132.80",66.66K,0.13%
3/5/21,"48,792.50","48,363.60","49,429.40","46,370.10",113.64K,0.75%
3/4/21,"48,428.00","50,388.00","51,757.70","47,521.80",9.56K,-3.90%
3/3/21,"50,395.10","48,422.20","52,567.90","48,159.20",44.93K,4.07%
3/2/21,"48,424.20","49,595.60","50,191.90","47,100.60",102.10K,-2.36%
3/1/21,"49,595.50","45,160.50","49,774.00","45,008.80",137.52K,9.81%
2/28/21,"45,164.00","46,136.00","46,582.00","43,100.60",135.08K,-2.11%
2/27/21,"46,136.70","46,333.10","48,335.10","45,059.40",98.75K,-0.45%
2/26/21,"46,345.60","46,928.50","48,413.90","44,248.20",189.41K,-1.24%
2/25/21,"46,928.50","49,695.90","52,013.80","46,773.70",83.22K,-5.57%
2/24/21,"49,697.50","48,911.10","51,311.80","47,031.70",153.75K,1.61%
2/23/21,"48,911.20","54,114.10","54,115.00","45,093.80",315.07K,-9.61%
2/22/21,"54,111.80","57,437.60","57,480.80","48,353.80",244.95K,-5.78%
2/21/21,"57,433.80","55,907.60","58,335.10","55,502.70",87.26K,2.70%
2/20/21,"55,923.70","55,922.00","57,523.80","54,124.10",127.85K,0.03%
2/19/21,"55,906.60","51,590.10","56,238.50","50,816.80",139.43K,8.38%
2/18/21,"51,582.20","52,094.50","52,524.00","50,941.60",94.35K,-0.95%
2/17/21,"52,079.20","49,161.30","52,577.70","49,018.10",140.03K,5.92%
2/16/21,"49,169.70","47,934.20","50,515.80","47,044.40",141.37K,2.57%
2/15/21,"47,936.30","48,611.10","48,936.50","45,786.10",123.18K,-1.45%
2/14/21,"48,643.40","47,172.10","49,695.10","47,051.90",106.50K,3.13%
2/13/21,"47,168.70","47,373.10","48,097.30","46,270.50",89.42K,-0.43%
2/12/21,"47,371.70","47,995.00","48,927.40","46,218.60",133.73K,-1.29%
2/11/21,"47,990.70","44,834.80","48,622.10","44,041.10",145.77K,7.04%
2/10/21,"44,836.00","46,507.80","47,295.30","43,800.50",151.83K,-3.60%
2/9/21,"46,508.60","46,396.40","48,143.50","45,104.70",193.87K,0.24%
2/8/21,"46,395.70","38,853.60","46,596.40","38,057.00",248.47K,19.41%
2/7/21,"38,852.90","39,228.90","39,691.70","37,381.60",125.37K,-1.03%
2/6/21,"39,256.60","38,300.60","40,939.70","38,275.30",156.02K,2.50%
2/5/21,"38,297.60","36,976.40","38,303.60","36,640.00",100.60K,3.56%
2/4/21,"36,982.10","37,648.90","38,707.90","36,380.80",151.44K,-1.77%
2/3/21,"37,646.80","35,486.90","37,646.80","35,401.50",131.03K,6.09%
2/2/21,"35,485.20","33,514.00","35,976.10","33,462.40",120.85K,5.88%
2/1/21,"33,515.70","33,106.80","34,685.60","32,324.90",126.32K,1.23%
1/31/21,"33,108.10","34,281.60","34,348.30","32,189.90",101.92K,-3.43%
1/30/21,"34,283.10","34,300.00","34,920.90","32,908.50",128.57K,-0.05%
1/29/21,"34,301.80","33,381.70","38,546.00","31,953.30",297.73K,2.78%
1/28/21,"33,374.80","30,408.90","33,790.80","29,911.90",167.39K,9.77%
1/27/21,"30,404.00","32,499.60","32,545.40","29,290.40",194.35K,-6.46%
1/26/21,"32,502.10","32,244.10","32,917.70","30,850.00",139.84K,0.77%
1/25/21,"32,252.30","32,244.30","34,854.30","31,967.40",142.43K,0.03%
1/24/21,"32,241.30","32,088.50","33,034.80","30,982.90",88.21K,0.47%
1/23/21,"32,088.90","32,994.10","33,441.40","31,418.20",100.70K,-2.76%
1/22/21,"33,000.50","30,838.70","33,821.20","28,871.20",243.09K,7.00%
1/21/21,"30,842.10","35,472.30","35,591.10","30,101.80",253.27K,-13.06%
1/20/21,"35,476.30","35,862.10","36,384.40","33,444.50",153.61K,-1.46%
1/19/21,"36,002.90","36,630.60","37,821.00","36,001.40",79.11K,-1.67%
1/18/21,"36,613.20","35,838.20","37,436.80","34,801.00",111.52K,2.16%
1/17/21,"35,839.60","36,020.10","36,801.30","33,883.50",126.82K,-0.50%
1/16/21,"36,019.50","36,751.80","37,931.70","35,408.40",137.02K,-2.24%
1/15/21,"36,845.80","39,175.70","39,715.00","34,488.70",118.42K,-5.95%
1/14/21,"39,175.70","37,383.40","40,054.30","36,772.10",172.40K,4.80%
1/13/21,"37,382.20","34,061.20","37,764.60","32,451.90",209.93K,9.70%
1/12/21,"34,076.10","35,426.00","36,598.70","32,572.70",241.93K,-4.13%
1/11/21,"35,544.30","38,195.30","38,217.20","30,411.60",251.04K,-6.93%
1/10/21,"38,192.20","40,149.70","41,362.40","35,141.60",215.78K,-4.88%
1/9/21,"40,151.90","40,607.20","41,363.50","38,775.10",128.42K,-1.10%
1/8/21,"40,599.30","39,466.40","41,921.70","36,613.40",251.29K,2.89%
1/7/21,"39,460.20","36,798.50","40,340.90","36,361.20",249.60K,7.25%
1/6/21,"36,793.20","33,999.30","36,934.80","33,408.30",227.56K,8.24%
1/5/21,"33,991.50","32,015.40","34,414.70","30,010.50",202.13K,6.15%
1/4/21,"32,022.60","33,016.60","33,587.50","28,204.50",255.27K,-2.84%
1/3/21,"32,958.90","32,192.90","34,755.90","32,029.60",155.21K,2.38%
1/2/21,"32,193.30","29,359.70","33,233.50","29,008.00",240.87K,9.65%
1/1/21,"29,359.90","28,951.70","29,627.10","28,712.40",100.90K,1.42%
12/31/20,"28,949.40","28,866.80","29,298.80","28,025.00",136.69K,0.28%
12/30/20,"28,868.70","27,374.50","28,979.30","27,374.50",159.82K,5.45%
12/29/20,"27,376.00","27,065.30","27,390.70","25,902.80",119.57K,1.18%
12/28/20,"27,057.80","26,259.20","27,444.90","26,144.30",126.98K,3.03%
12/27/20,"26,261.30","26,460.30","28,360.30","25,858.20",231.23K,-0.73%
12/26/20,"26,454.40","24,714.70","26,826.00","24,515.10",155.77K,7.15%
12/25/20,"24,689.60","23,728.70","24,778.90","23,445.30",2.40K,4.02%
12/24/20,"23,736.50","23,253.20","23,783.70","22,737.30",104.59K,2.06%
12/23/20,"23,257.90","23,820.80","24,063.70","22,694.70",178.47K,-2.37%
12/22/20,"23,823.20","22,730.40","23,825.40","22,388.60",130.75K,4.82%
12/21/20,"22,728.50","23,474.10","24,101.90","22,015.50",154.69K,-3.18%
12/20/20,"23,474.90","23,843.60","24,280.90","23,098.90",114.09K,-1.55%
12/19/20,"23,844.00","23,127.60","24,107.10","22,797.00",133.88K,3.10%
12/18/20,"23,127.90","22,823.30","23,272.80","22,361.50",131.80K,1.33%
12/17/20,"22,825.40","21,352.30","23,738.00","21,243.10",310.74K,6.90%
12/16/20,"21,352.20","19,434.70","21,525.30","19,299.70",199.81K,9.87%
12/15/20,"19,434.90","19,273.90","19,556.30","19,076.20",98.39K,0.84%
12/14/20,"19,273.80","19,176.40","19,346.50","19,007.00",67.11K,0.51%
12/13/20,"19,176.80","18,808.10","19,403.60","18,716.80",82.45K,1.96%
12/12/20,"18,808.90","18,026.70","18,936.20","18,025.10",71.37K,4.36%
12/11/20,"18,023.60","18,250.50","18,288.30","17,600.10",111.53K,-1.23%
12/10/20,"18,247.20","18,546.10","18,551.80","17,926.80",85.31K,-1.61%
12/9/20,"18,546.00","18,322.40","18,637.90","17,658.80",129.72K,1.20%
12/8/20,"18,326.60","19,170.80","19,288.60","18,229.20",101.41K,-4.40%
12/7/20,"19,170.70","19,368.40","19,424.60","18,908.80",61.98K,-1.08%
12/6/20,"19,379.90","19,146.00","19,417.10","18,873.00",54.56K,1.22%
12/5/20,"19,146.50","18,657.50","19,172.70","18,507.10",59.44K,2.62%
12/4/20,"18,658.10","19,431.10","19,529.50","18,610.80",110.63K,-3.99%
12/3/20,"19,433.30","19,219.80","19,596.60","18,883.70",99.97K,1.12%
12/2/20,"19,218.80","18,767.90","19,335.50","18,346.70",91.92K,2.39%
12/1/20,"18,770.70","19,697.80","19,897.40","18,257.00",208.72K,-4.71%
11/30/20,"19,698.10","18,186.00","19,831.20","18,186.00",185.59K,8.32%
11/29/20,"18,185.50","17,729.70","18,336.30","17,530.40",79.12K,2.57%
11/28/20,"17,730.70","17,142.60","17,874.40","16,874.40",95.20K,3.52%
11/27/20,"17,127.10","17,160.90","17,450.30","16,481.60",138.80K,-0.20%
11/26/20,"17,162.00","18,721.90","18,894.90","16,235.20",312.07K,-8.34%
11/25/20,"18,723.00","19,151.50","19,486.70","18,527.70",146.12K,-2.24%
11/24/20,"19,152.60","18,394.60","19,416.60","18,074.80",180.79K,4.21%
11/23/20,"18,379.60","18,428.10","18,756.80","18,016.00",127.35K,-0.18%
11/22/20,"18,412.90","18,689.30","18,751.50","17,644.60",121.76K,-1.47%
11/21/20,"18,687.20","18,673.80","18,966.00","18,397.50",108.91K,0.06%
11/20/20,"18,675.20","17,805.50","18,811.00","17,758.40",134.42K,4.90%
11/19/20,"17,803.50","17,775.10","18,166.00","17,380.10",135.94K,0.16%
11/18/20,"17,774.60","17,662.30","18,466.10","17,258.90",233.43K,0.64%
11/17/20,"17,662.30","16,715.80","17,845.40","16,562.00",175.87K,5.66%
11/16/20,"16,715.80","15,954.10","16,880.70","15,870.70",118.09K,4.78%
11/15/20,"15,953.00","16,074.70","16,158.10","15,782.30",58.43K,-0.73%
11/14/20,"16,071.00","16,323.10","16,328.20","15,717.70",83.64K,-1.55%
11/13/20,"16,324.20","16,293.00","16,474.10","15,973.40",113.75K,0.18%
11/12/20,"16,294.70","15,695.80","16,342.70","15,483.50",165.54K,3.82%
11/11/20,"15,695.80","15,303.10","15,953.90","15,281.00",119.07K,2.56%
11/10/20,"15,303.60","15,328.00","15,465.30","15,096.50",93.36K,-0.15%
11/9/20,"15,327.20","15,483.30","15,819.60","14,816.90",165.04K,-1.01%
11/8/20,"15,483.70","14,826.60","15,648.30","14,720.70",94.99K,4.42%
11/7/20,"14,828.40","15,578.20","15,754.40","14,385.10",160.73K,-4.81%
11/6/20,"15,577.90","15,593.90","15,955.20","15,223.50",186.13K,-0.06%
11/5/20,"15,587.10","14,145.60","15,739.90","14,099.70",227.49K,10.19%
11/4/20,"14,145.60","14,023.00","14,238.80","13,544.40",140.80K,0.90%
11/3/20,"14,019.90","13,560.50","14,054.00","13,294.60",108.17K,3.38%
11/2/20,"13,561.40","13,759.70","13,828.40","13,214.20",97.76K,-1.44%
11/1/20,"13,759.40","13,795.50","13,889.50","13,628.70",51.71K,-0.27%